#
# A fatal error has been detected by the Java Runtime Environment:
#
#  EXCEPTION_ACCESS_VIOLATION (0xc0000005) at pc=0x00007ff9c844174e, pid=13636, tid=23000
#
# JRE version: OpenJDK Runtime Environment (23.0.1+11) (build 23.0.1+11-39)
# Java VM: OpenJDK 64-Bit Server VM (23.0.1+11-39, mixed mode, sharing, tiered, compressed oops, compressed class ptrs, g1 gc, windows-amd64)
# Problematic frame:
# C  0x00007ff9c844174e
#
# No core dump will be written. Minidumps are not enabled by default on client versions of Windows
#
# If you would like to submit a bug report, please visit:
#   https://bugreport.java.com/bugreport/crash.jsp
# The crash happened outside the Java Virtual Machine in native code.
# See problematic frame for where to report the bug.
#

---------------  S U M M A R Y ------------

Command Line: --enable-preview -javaagent:C:\Users\ÂóÕñÍþ\Desktop\IntelliJ IDEA 2024.1.1\lib\idea_rt.jar=63973:C:\Users\ÂóÕñÍþ\Desktop\IntelliJ IDEA 2024.1.1\bin -Dfile.encoding=UTF-8 -Dsun.stdout.encoding=UTF-8 -Dsun.stderr.encoding=UTF-8 MainDashboard

Host: AMD Ryzen 7 7745HX with Radeon Graphics        , 16 cores, 15G,  Windows 11 , 64 bit Build 22621 (10.0.22621.4391)
Time: Fri May  2 15:42:17 2025  Windows 11 , 64 bit Build 22621 (10.0.22621.4391) elapsed time: 37.117266 seconds (0d 0h 0m 37s)

---------------  T H R E A D  ---------------

Current thread (0x0000013a02002f80):  JavaThread "JavaFX Application Thread"        [_thread_in_native, id=23000, stack(0x0000000a4ec00000,0x0000000a4ed00000) (1024K)]

Stack: [0x0000000a4ec00000,0x0000000a4ed00000],  sp=0x0000000a4ecfb240,  free space=1004k
Native frames: (J=compiled Java code, j=interpreted, Vv=VM code, C=native code)
C  0x00007ff9c844174e  (no source info available)
C  0x00007ff9c80a019b  (no source info available)
C  0x00007ff9c7a2ead3  (no source info available)
C  0x00007ff9c7a2ea53  (no source info available)
C  0x00007ff9c86b8191  (no source info available)
C  0x00007ff9c8144ff6  (no source info available)
C  0x00007ff9c84b8f09  (no source info available)
C  0x00007ff9c8597aa1  (no source info available)
C  0x00007ff9c859504c  (no source info available)
C  0x00007ff9c8594b3d  (no source info available)
C  0x00007ff9c85940a9  (no source info available)
C  0x00007ff9c7e2382f  (no source info available)
C  0x00007ff9c7e37d07  (no source info available)
C  0x00007ff9c7e0291d  (no source info available)
C  0x00007ff9c846850a  (no source info available)
C  0x00007ff9c846d250  (no source info available)
C  0x00007ff9c846e141  (no source info available)
C  0x00007ff9c846bfc5  (no source info available)
C  0x00007ff9c7ea3a56  (no source info available)
C  0x00007ff9c80b299e  (no source info available)
C  0x00007ff9c7fdd7f0  (no source info available)
C  0x00007ff9c86cee29  (no source info available)
C  0x00007ff9c7e7cd61  (no source info available)
C  0x00007ff9c7ca0e58  (no source info available)
C  0x000001399f15d307  (no source info available)

The last pc belongs to native method entry point (kind = native) (printed below).
Java frames: (J=compiled Java code, j=interpreted, Vv=VM code)
j  com.sun.webkit.network.URLLoaderBase.twkDidFinishLoading(J)V+0
j  com.sun.webkit.network.HTTP2Loader.notifyDidFinishLoading()V+48
j  com.sun.webkit.network.HTTP2Loader$$Lambda+0x00000139b14013e8.run()V+4
J 4623 c1 com.sun.webkit.network.HTTP2Loader$$Lambda+0x00000139b1400668.run()V (12 bytes) @ 0x00000139984089c4 [0x0000013998408840+0x0000000000000184]
J 4615 c1 com.sun.javafx.application.PlatformImpl$$Lambda+0x00000139b11b14a0.run()Ljava/lang/Object; (8 bytes) @ 0x000001399840390c [0x00000139984037c0+0x000000000000014c]
J 4613 c1 com.sun.javafx.application.PlatformImpl.lambda$runLater$11(Ljava/lang/Runnable;Ljava/security/AccessControlContext;)V (41 bytes) @ 0x00000139984044b4 [0x0000013998403fa0+0x0000000000000514]
J 4612 c1 com.sun.javafx.application.PlatformImpl$$Lambda+0x00000139b11b0410.run()V (12 bytes) @ 0x0000013998403234 [0x00000139984031a0+0x0000000000000094]
J 4609 c1 com.sun.glass.ui.InvokeLaterDispatcher$Future.run()V (91 bytes) @ 0x0000013998401afc [0x00000139984019e0+0x000000000000011c]
v  ~StubRoutines::call_stub 0x000001399f150fcd
j  com.sun.glass.ui.win.WinApplication._runLoop(Ljava/lang/Runnable;)V+0
j  com.sun.glass.ui.win.WinApplication.lambda$runLoop$3(ILjava/lang/Runnable;)V+8
j  com.sun.glass.ui.win.WinApplication$$Lambda+0x00000139b119bcb0.run()V+12
j  java.lang.Thread.runWith(Ljava/lang/Object;Ljava/lang/Runnable;)V+5 java.base@23.0.1
j  java.lang.Thread.run()V+19 java.base@23.0.1
v  ~StubRoutines::call_stub 0x000001399f150fcd

siginfo: EXCEPTION_ACCESS_VIOLATION (0xc0000005), writing address 0x0000000000000000


Registers:
RAX=0x0000000a4ecfb270, RBX=0x0000013a04819f80, RCX=0x0000000000000000, RDX=0x00007ff9c7930000
RSP=0x0000000a4ecfb240, RBP=0x0000000a4ecfb3c0, RSI=0x0000013a1cac0828, RDI=0x0000000a4ecfb420
R8 =0x0000013a045a2d60, R9 =0x0000000000000000, R10=0x0000013a045a2d74, R11=0x0000000a4ecfaf28
R12=0x0000000000000000, R13=0x0000000000000000, R14=0x0000013a1cac0828, R15=0x0000013a08d09628
RIP=0x00007ff9c844174e, EFLAGS=0x0000000000010206


Register to memory mapping:

RAX=0x0000000a4ecfb270 is pointing into the stack for thread: 0x0000013a02002f80
RBX=0x0000013a04819f80 points into unknown readable memory: 0x00007ff9c9d87450 | 50 74 d8 c9 f9 7f 00 00
RCX=0x0 is null
RDX=0x00007ff9c7930000 points into unknown readable memory: 0x0000000300905a4d | 4d 5a 90 00 03 00 00 00
RSP=0x0000000a4ecfb240 is pointing into the stack for thread: 0x0000013a02002f80
RBP=0x0000000a4ecfb3c0 is pointing into the stack for thread: 0x0000013a02002f80
RSI=0x0000013a1cac0828 points into unknown readable memory: 0x0000000000000000 | 00 00 00 00 00 00 00 00
RDI=0x0000000a4ecfb420 is pointing into the stack for thread: 0x0000013a02002f80
R8 =0x0000013a045a2d60 points into unknown readable memory: 0x0000000500000006 | 06 00 00 00 05 00 00 00
R9 =0x0 is null
R10=0x0000013a045a2d74 points into unknown readable memory: 73 65 72 69
R11=0x0000000a4ecfaf28 is pointing into the stack for thread: 0x0000013a02002f80
R12=0x0 is null
R13=0x0 is null
R14=0x0000013a1cac0828 points into unknown readable memory: 0x0000000000000000 | 00 00 00 00 00 00 00 00
R15=0x0000013a08d09628 points into unknown readable memory: 0x0000013a08d09638 | 38 96 d0 08 3a 01 00 00

Top of Stack: (sp=0x0000000a4ecfb240)
0x0000000a4ecfb240:   0000000a4ecfb201 0000013a04819f80
0x0000000a4ecfb250:   0000000a4ecfb3c0 0000013a1cac0828
0x0000000a4ecfb260:   0000000a4ecfb278 0000000a4ecfb400
0x0000000a4ecfb270:   0000000000000000 0000000000000000
0x0000000a4ecfb280:   0000000000000000 0000000000000000
0x0000000a4ecfb290:   0000000000000000 0000013a1cac0828
0x0000000a4ecfb2a0:   00007ff9c7ebd580 0000000000000000
0x0000000a4ecfb2b0:   0000013a0929f900 00007ff9c80a019b
0x0000000a4ecfb2c0:   0000013a0929f900 0000000000000000
0x0000000a4ecfb2d0:   0000000000000000 00007ff9c7ebd580
0x0000000a4ecfb2e0:   0000000000000000 0000000000000019
0x0000000a4ecfb2f0:   0000000000000000 0000000a4ecfb3a9
0x0000000a4ecfb300:   000001398d360000 00007ffa82c8ccaa
0x0000000a4ecfb310:   000001398d180000 0000000a4ecfb328
0x0000000a4ecfb320:   0000000000000001 0000000000000000
0x0000000a4ecfb330:   0000000000000000 0000000000000000
0x0000000a4ecfb340:   0000000a4ecfb350 0000000000000001
0x0000000a4ecfb350:   0000000000000000 0000000000000000
0x0000000a4ecfb360:   0000000000000000 0000000a4ecfb378
0x0000000a4ecfb370:   0000000000000001 0000000000000003
0x0000000a4ecfb380:   0000000a4ecfb768 0000013a1cdf0c01
0x0000000a4ecfb390:   0000013a1cdfdc60 00007ffa82c8b001
0x0000000a4ecfb3a0:   0000013a1cdfdc50 00007ff9c7f314ad
0x0000000a4ecfb3b0:   0000000a4ecfb550 00007ff9c84dc34f
0x0000000a4ecfb3c0:   0000000000000000 0000000a4ecfb430
0x0000000a4ecfb3d0:   0000013a21ebc8d0 0000000000000003
0x0000000a4ecfb3e0:   0000000000000003 0000000a4ecfb768
0x0000000a4ecfb3f0:   0000000000000000 0000000000000000
0x0000000a4ecfb400:   0000013a08d09610 0000013a1cac0818
0x0000000a4ecfb410:   0000000a4ecfb550 00007ff9c7a2ead3
0x0000000a4ecfb420:   0000000000000000 0000013a1cac0828
0x0000000a4ecfb430:   0000013a00000000 0000000000000000 

Instructions: (pc=0x00007ff9c844174e)
0x00007ff9c844164e:   48 8b 4c 24 20 48 85 c9 74 11 48 85 f6 74 0c 48
0x00007ff9c844165e:   8b 01 48 8b d6 ff 90 b8 00 00 00 48 8b c3 48 8b
0x00007ff9c844166e:   4c 24 28 48 33 cc e8 27 32 7a 01 48 83 c4 70 5e
0x00007ff9c844167e:   5d 5b c3 48 8d 0d c0 58 16 04 e8 8b 33 7a 01 83
0x00007ff9c844168e:   3d b4 58 16 04 ff 0f 85 27 ff ff ff 48 8b cf e8
0x00007ff9c844169e:   ae 89 ff ff 4c 8b 07 4c 8d 0d 70 e2 9f 01 48 8b
0x00007ff9c84416ae:   d0 48 8b cf 4d 8b 90 08 01 00 00 4c 8d 05 68 e2
0x00007ff9c84416be:   9f 01 41 ff d2 48 8d 0d 7e 58 16 04 48 89 05 6f
0x00007ff9c84416ce:   58 16 04 e8 e2 32 7a 01 e9 e6 fe ff ff cc cc cc
0x00007ff9c84416de:   cc cc 40 53 56 57 48 83 ec 60 65 48 8b 04 25 58
0x00007ff9c84416ee:   00 00 00 48 8b d9 8b 0d 46 aa 17 04 48 8b fa ba
0x00007ff9c84416fe:   18 00 00 00 49 8b f0 48 8b 04 c8 8b 0c 02 39 0d
0x00007ff9c844170e:   56 58 16 04 0f 8f 8c 00 00 00 0f 57 c0 c6 44 24
0x00007ff9c844171e:   28 00 48 8d 44 24 38 4c 8b c6 4c 8d 0d 31 58 16
0x00007ff9c844172e:   04 48 89 44 24 20 48 8d 54 24 30 48 8b cb 0f 11
0x00007ff9c844173e:   44 24 38 0f 11 44 24 48 e8 35 8f c5 ff 48 8b 08
0x00007ff9c844174e:   ff 01 48 8b 5c 24 30 48 89 0f 48 c7 44 24 30 00
0x00007ff9c844175e:   00 00 00 48 85 db 74 1b 8b 03 83 e8 01 74 04 89
0x00007ff9c844176e:   03 eb 10 48 8b cb e8 e7 f0 c4 ff 48 8b cb e8 4f
0x00007ff9c844177e:   75 5e 01 48 8b 4c 24 50 48 c7 44 24 50 00 00 00
0x00007ff9c844178e:   00 48 85 c9 74 05 e8 f7 95 a7 ff 48 8b c7 48 83
0x00007ff9c844179e:   c4 60 5f 5e 5b c3 48 8d 0d bd 57 16 04 e8 68 32
0x00007ff9c84417ae:   7a 01 83 3d b1 57 16 04 ff 0f 85 5b ff ff ff 41
0x00007ff9c84417be:   b8 05 00 00 00 48 8d 15 c2 e1 9f 01 48 8d 4c 24
0x00007ff9c84417ce:   30 e8 2c 58 61 01 48 8b 44 24 30 48 8d 0d 60 ae
0x00007ff9c84417de:   93 01 48 89 05 79 57 16 04 e8 04 30 7a 01 48 8d
0x00007ff9c84417ee:   0d 75 57 16 04 e8 c0 31 7a 01 e9 1b ff ff ff cc
0x00007ff9c84417fe:   cc cc 48 89 5c 24 18 48 89 6c 24 20 56 57 41 56
0x00007ff9c844180e:   48 83 ec 70 48 8b 05 7f 10 15 04 48 33 c4 48 89
0x00007ff9c844181e:   44 24 68 0f b6 41 30 33 f6 89 74 24 38 4c 8b f2
0x00007ff9c844182e:   48 8b d9 3c 02 75 06 48 8b 01 ff 50 28 48 8b 0d
0x00007ff9c844183e:   1e 98 17 04 48 8d 54 24 48 48 89 74 24 60 41 b8 


Stack slot to memory mapping:

stack at sp + 0 slots: 0x0000000a4ecfb201 is pointing into the stack for thread: 0x0000013a02002f80
stack at sp + 1 slots: 0x0000013a04819f80 points into unknown readable memory: 0x00007ff9c9d87450 | 50 74 d8 c9 f9 7f 00 00
stack at sp + 2 slots: 0x0000000a4ecfb3c0 is pointing into the stack for thread: 0x0000013a02002f80
stack at sp + 3 slots: 0x0000013a1cac0828 points into unknown readable memory: 0x0000000000000000 | 00 00 00 00 00 00 00 00
stack at sp + 4 slots: 0x0000000a4ecfb278 is pointing into the stack for thread: 0x0000013a02002f80
stack at sp + 5 slots: 0x0000000a4ecfb400 is pointing into the stack for thread: 0x0000013a02002f80
stack at sp + 6 slots: 0x0 is null
stack at sp + 7 slots: 0x0 is null

Lock stack of current Java thread (top to bottom):

native method entry point (kind = native)  [0x000001399f15cee0, 0x000001399f15db38]  3160 bytes
[MachCode]
  0x000001399f15cee0: 488b 4b08 | 0fb7 492e | 584c 8d74 | ccf8 6800 | 0000 0068 | 0000 0000 | 5055 488b | ec41 5568 
  0x000001399f15cf00: 0000 0000 | 4c8b 6b08 | 4d8d 6d38 | 5348 8b53 | 0848 8b52 | 0848 8b52 | 1848 8b52 | 7048 8b12 
  0x000001399f15cf20: 5248 8b53 | 1048 85d2 | 0f84 0700 | 0000 4881 | c210 0100 | 0052 488b | 5308 488b | 5208 488b 
  0x000001399f15cf40: 5210 5249 | 8bc6 482b | c548 c1e8 | 0350 6800 | 0000 0068 | f7ff ffff | 41c6 8771 | 0400 0001 
  0x000001399f15cf60: 488b 4310 | 4885 c074 | 208b 88cc | 0000 0083 | c102 8988 | cc00 0000 | 2388 e000 | 0000 0f84 
  0x000001399f15cf80: 000b 0000 | e9cf 0000 | 0048 8b43 | 1848 85c0 | 0f85 b000 | 0000 e805 | 0000 00e9 | 9900 0000 
  0x000001399f15cfa0: 488b d348 | 8d44 2408 | 4c89 6dc0 | 498b cfc5 | f877 4989 | afb0 0300 | 0049 8987 | a003 0000 
  0x000001399f15cfc0: 4883 ec20 | 40f6 c40f | 0f84 1900 | 0000 4883 | ec08 48b8 | 9026 30e7 | f97f 0000 | ffd0 4883 
  0x000001399f15cfe0: c408 e90c | 0000 0048 | b890 2630 | e7f9 7f00 | 00ff d048 | 83c4 2049 | c787 a003 | 0000 0000 
  0x000001399f15d000: 0000 49c7 | 87b0 0300 | 0000 0000 | 0049 c787 | a803 0000 | 0000 0000 | c5f8 7749 | 837f 0800 
  0x000001399f15d020: 0f84 0500 | 0000 e995 | 3eff ff4c | 8b6d c04c | 8b75 c84e | 8d74 f500 | c348 8b43 | 1848 85c0 
  0x000001399f15d040: 0f84 1200 | 0000 8b48 | 0883 c102 | 8948 0823 | 481c 0f84 | 2c0a 0000 | 493b a7e8 | 0400 000f 
  0x000001399f15d060: 8748 0000 | 0089 8424 | 00f0 ffff | 8984 2400 | e0ff ff89 | 8424 00d0 | ffff 8984 | 2400 c0ff 
  0x000001399f15d080: ff89 8424 | 00b0 ffff | 8984 2400 | a0ff ff89 | 8424 0090 | ffff 8984 | 2400 80ff | ff49 3ba7 
  0x000001399f15d0a0: e004 0000 | 7607 4989 | a7e8 0400 | 0041 c687 | 7104 0000 | 0049 ba41 | adb7 e7f9 | 7f00 0041 
  0x000001399f15d0c0: 803a 000f | 843e 0000 | 0048 8b55 | e849 8bcf | 4883 ec20 | 40f6 c40f | 0f84 1900 | 0000 4883 
  0x000001399f15d0e0: ec08 48b8 | 10ee 67e7 | f97f 0000 | ffd0 4883 | c408 e90c | 0000 0048 | b810 ee67 | e7f9 7f00 
  0x000001399f15d100: 00ff d048 | 83c4 2048 | 8b5d e84c | 8b5b 0845 | 0fb7 5b2e | 41c1 e303 | 492b e348 | 83ec 2048 
  0x000001399f15d120: 83e4 f04c | 8b5b 604d | 85db 0f85 | ab00 0000 | e805 0000 | 00e9 9900 | 0000 488b | d348 8d44 
  0x000001399f15d140: 2408 4c89 | 6dc0 498b | cfc5 f877 | 4989 afb0 | 0300 0049 | 8987 a003 | 0000 4883 | ec20 40f6 
  0x000001399f15d160: c40f 0f84 | 1900 0000 | 4883 ec08 | 48b8 f04d | 30e7 f97f | 0000 ffd0 | 4883 c408 | e90c 0000 
  0x000001399f15d180: 0048 b8f0 | 4d30 e7f9 | 7f00 00ff | d048 83c4 | 2049 c787 | a003 0000 | 0000 0000 | 49c7 87b0 
  0x000001399f15d1a0: 0300 0000 | 0000 0049 | c787 a803 | 0000 0000 | 0000 c5f8 | 7749 837f | 0800 0f84 | 0500 0000 
  0x000001399f15d1c0: e9fb 3cff | ff4c 8b6d | c04c 8b75 | c84e 8d74 | f500 c348 | 8b5d e84c | 8b5b 6041 | ffd3 488b 
  0x000001399f15d1e0: 5de8 4889 | 4518 448b | 5b28 41f6 | c308 0f84 | 1b00 0000 | 4c8b 5b08 | 4d8b 5b08 | 4d8b 5b18 
  0x000001399f15d200: 4d8b 5b70 | 4d8b 1b4c | 895d 1048 | 8d55 1048 | 8b43 5849 | ba60 3c68 | e7f9 7f00 | 0049 3bc2 
  0x000001399f15d220: 0f85 ab00 | 0000 e805 | 0000 00e9 | 9900 0000 | 488b d348 | 8d44 2408 | 4c89 6dc0 | 498b cfc5 
  0x000001399f15d240: f877 4989 | afb0 0300 | 0049 8987 | a003 0000 | 4883 ec20 | 40f6 c40f | 0f84 1900 | 0000 4883 
  0x000001399f15d260: ec08 48b8 | f04d 30e7 | f97f 0000 | ffd0 4883 | c408 e90c | 0000 0048 | b8f0 4d30 | e7f9 7f00 
  0x000001399f15d280: 00ff d048 | 83c4 2049 | c787 a003 | 0000 0000 | 0000 49c7 | 87b0 0300 | 0000 0000 | 0049 c787 
  0x000001399f15d2a0: a803 0000 | 0000 0000 | c5f8 7749 | 837f 0800 | 0f84 0500 | 0000 e905 | 3cff ff4c | 8b6d c04c 
  0x000001399f15d2c0: 8b75 c84e | 8d74 f500 | c348 8b5d | e848 8b43 | 5849 8d8f | c003 0000 | c5f8 7749 | 89af b003 
  0x000001399f15d2e0: 0000 49ba | d8d2 159f | 3901 0000 | 4d89 97a8 | 0300 0049 | 89a7 a003 | 0000 41c7 | 8744 0400 
  0x000001399f15d300: 0004 0000 | 00ff d0c5 | f877 4883 | ec10 c5fb | 1104 2448 | 83ec 1048 | 8904 2448 | c744 2408 
  0x000001399f15d320: 0000 0000 | 41c7 8744 | 0400 0005 | 0000 00f0 | 8344 24c0 | 0049 3baf | 4804 0000 | 0f87 0e00 
  0x000001399f15d340: 0000 4183 | bf40 0400 | 0000 0f84 | 2000 0000 | 498b cf4c | 8be4 4883 | ec20 4883 | e4f0 48b8 
  0x000001399f15d360: 90a9 31e7 | f97f 0000 | ffd0 498b | e44d 33e4 | 41c7 8744 | 0400 0008 | 0000 0049 | c787 a003 
  0x000001399f15d380: 0000 0000 | 0000 49c7 | 87b0 0300 | 0000 0000 | 0049 c787 | a803 0000 | 0000 0000 | c5f8 774d 
  0x000001399f15d3a0: 8b9f 3004 | 0000 41c7 | 8300 0100 | 0000 0000 | 0049 bbda | a515 9f39 | 0100 004c | 3b5d 180f 
  0x000001399f15d3c0: 8524 0300 | 0048 8b04 | 2448 83c4 | 1048 85c0 | 0f84 fe02 | 0000 a803 | 0f85 0800 | 0000 488b 
  0x000001399f15d3e0: 00e9 ee02 | 0000 a801 | 0f85 0900 | 0000 488b | 40fe e9dd | 0200 0048 | 8b40 ff41 | 807f 3800 
  0x000001399f15d400: 0f84 ce02 | 0000 4883 | f800 0f84 | c402 0000 | 4d8b 5f28 | 4983 fb00 | 0f84 1400 | 0000 4983 
  0x000001399f15d420: eb08 4d89 | 5f28 4d03 | 5f30 4989 | 03e9 a202 | 0000 4881 | ec50 0100 | 0048 8904 | 2448 894c 
  0x000001399f15d440: 2408 4889 | 5424 1048 | 8974 2418 | 4889 7c24 | 204c 8944 | 2428 4c89 | 4c24 304c | 8954 2438 
  0x000001399f15d460: 4c89 5c24 | 40c5 fb11 | 4424 50c5 | fb11 4c24 | 58c5 fb11 | 5424 60c5 | fb11 5c24 | 68c5 fb11 
  0x000001399f15d480: 6424 70c5 | fb11 6c24 | 78c5 fb11 | b424 8000 | 0000 c5fb | 11bc 2488 | 0000 00c5 | 7b11 8424 
  0x000001399f15d4a0: 9000 0000 | c57b 118c | 2498 0000 | 00c5 7b11 | 9424 a000 | 0000 c57b | 119c 24a8 | 0000 00c5 
  0x000001399f15d4c0: 7b11 a424 | b000 0000 | c57b 11ac | 24b8 0000 | 00c5 7b11 | b424 c000 | 0000 c57b | 11bc 24c8 
  0x000001399f15d4e0: 0000 0062 | e1ff 0811 | 4424 1a62 | e1ff 0811 | 4c24 1b62 | e1ff 0811 | 5424 1c62 | e1ff 0811 
  0x000001399f15d500: 5c24 1d62 | e1ff 0811 | 6424 1e62 | e1ff 0811 | 6c24 1f62 | e1ff 0811 | 7424 2062 | e1ff 0811 
  0x000001399f15d520: 7c24 2162 | 61ff 0811 | 4424 2262 | 61ff 0811 | 4c24 2362 | 61ff 0811 | 5424 2462 | 61ff 0811 
  0x000001399f15d540: 5c24 2562 | 61ff 0811 | 6424 2662 | 61ff 0811 | 6c24 2762 | 61ff 0811 | 7424 2862 | 61ff 0811 
  0x000001399f15d560: 7c24 2949 | 8bd7 488b | c848 83ec | 2040 f6c4 | 0f0f 8419 | 0000 0048 | 83ec 0848 | b8e0 0725 
  0x000001399f15d580: e7f9 7f00 | 00ff d048 | 83c4 08e9 | 0c00 0000 | 48b8 e007 | 25e7 f97f | 0000 ffd0 | 4883 c420 
  0x000001399f15d5a0: 6261 ff08 | 107c 2429 | 6261 ff08 | 1074 2428 | 6261 ff08 | 106c 2427 | 6261 ff08 | 1064 2426 
  0x000001399f15d5c0: 6261 ff08 | 105c 2425 | 6261 ff08 | 1054 2424 | 6261 ff08 | 104c 2423 | 6261 ff08 | 1044 2422 
  0x000001399f15d5e0: 62e1 ff08 | 107c 2421 | 62e1 ff08 | 1074 2420 | 62e1 ff08 | 106c 241f | 62e1 ff08 | 1064 241e 
  0x000001399f15d600: 62e1 ff08 | 105c 241d | 62e1 ff08 | 1054 241c | 62e1 ff08 | 104c 241b | 62e1 ff08 | 1044 241a 
  0x000001399f15d620: c57b 10bc | 24c8 0000 | 00c5 7b10 | b424 c000 | 0000 c57b | 10ac 24b8 | 0000 00c5 | 7b10 a424 
  0x000001399f15d640: b000 0000 | c57b 109c | 24a8 0000 | 00c5 7b10 | 9424 a000 | 0000 c57b | 108c 2498 | 0000 00c5 
  0x000001399f15d660: 7b10 8424 | 9000 0000 | c5fb 10bc | 2488 0000 | 00c5 fb10 | b424 8000 | 0000 c5fb | 106c 2478 
  0x000001399f15d680: c5fb 1064 | 2470 c5fb | 105c 2468 | c5fb 1054 | 2460 c5fb | 104c 2458 | c5fb 1044 | 2450 4c8b 
  0x000001399f15d6a0: 5c24 404c | 8b54 2438 | 4c8b 4c24 | 304c 8b44 | 2428 488b | 7c24 2048 | 8b74 2418 | 488b 5424 
  0x000001399f15d6c0: 1048 8b4c | 2408 488b | 0424 4881 | c450 0100 | 00c5 f877 | 4889 4510 | 4883 ec10 | 4889 0424 
  0x000001399f15d6e0: 48c7 4424 | 0800 0000 | 0041 83bf | c804 0000 | 020f 85bf | 0000 0048 | 81ec 8000 | 0000 4889 
  0x000001399f15d700: 4424 7848 | 894c 2470 | 4889 5424 | 6848 895c | 2460 4889 | 6c24 5048 | 8974 2448 | 4889 7c24 
  0x000001399f15d720: 404c 8944 | 2438 4c89 | 4c24 304c | 8954 2428 | 4c89 5c24 | 204c 8964 | 2418 4c89 | 6c24 104c 
  0x000001399f15d740: 8974 2408 | 4c89 3c24 | 4c8b e448 | 83ec 2048 | 83e4 f048 | b8c0 2268 | e7f9 7f00 | 00ff d049 
  0x000001399f15d760: 8be4 4c8b | 3c24 4c8b | 7424 084c | 8b6c 2410 | 4c8b 6424 | 184c 8b5c | 2420 4c8b | 5424 284c 
  0x000001399f15d780: 8b4c 2430 | 4c8b 4424 | 3848 8b7c | 2440 488b | 7424 4848 | 8b6c 2450 | 488b 5c24 | 6048 8b54 
  0x000001399f15d7a0: 2468 488b | 4c24 7048 | 8b44 2478 | 4881 c480 | 0000 004d | 33e4 488b | 5de8 4c8b | 6b08 4d8d 
  0x000001399f15d7c0: 6d38 4983 | 7f08 000f | 84bb 0000 | 00e8 0500 | 0000 e996 | 0000 0048 | 8d44 2408 | 4c89 6dc0 
  0x000001399f15d7e0: 498b cfc5 | f877 4989 | afb0 0300 | 0049 8987 | a003 0000 | 4883 ec20 | 40f6 c40f | 0f84 1900 
  0x000001399f15d800: 0000 4883 | ec08 48b8 | 006c 30e7 | f97f 0000 | ffd0 4883 | c408 e90c | 0000 0048 | b800 6c30 
  0x000001399f15d820: e7f9 7f00 | 00ff d048 | 83c4 2049 | c787 a003 | 0000 0000 | 0000 49c7 | 87b0 0300 | 0000 0000 
  0x000001399f15d840: 0049 c787 | a803 0000 | 0000 0000 | c5f8 7749 | 837f 0800 | 0f84 0500 | 0000 e961 | 36ff ff4c 
  0x000001399f15d860: 8b6d c04c | 8b75 c84e | 8d74 f500 | c348 b930 | d58f e7f9 | 7f00 0048 | 83e4 f048 | b870 4a56 
  0x000001399f15d880: e7f9 7f00 | 00ff d0f4 | 448b 5b28 | 41f6 c320 | 0f84 7901 | 0000 488d | 55a8 4c8b | 5a08 4d85 
  0x000001399f15d8a0: db0f 85bb | 0000 00e8 | 0500 0000 | e996 0000 | 0048 8d44 | 2408 4c89 | 6dc0 498b | cfc5 f877 
  0x000001399f15d8c0: 4989 afb0 | 0300 0049 | 8987 a003 | 0000 4883 | ec20 40f6 | c40f 0f84 | 1900 0000 | 4883 ec08 
  0x000001399f15d8e0: 48b8 306b | 30e7 f97f | 0000 ffd0 | 4883 c408 | e90c 0000 | 0048 b830 | 6b30 e7f9 | 7f00 00ff 
  0x000001399f15d900: d048 83c4 | 2049 c787 | a003 0000 | 0000 0000 | 49c7 87b0 | 0300 0000 | 0000 0049 | c787 a803 
  0x000001399f15d920: 0000 0000 | 0000 c5f8 | 7749 837f | 0800 0f84 | 0500 0000 | e987 35ff | ff4c 8b6d | c04c 8b75 
  0x000001399f15d940: c84e 8d74 | f500 c348 | b930 d58f | e7f9 7f00 | 0048 83e4 | f048 b870 | 4a56 e7f9 | 7f00 00ff 
  0x000001399f15d960: d0f4 4c89 | 6dc0 4c8b | 4a08 48c7 | 4208 0000 | 0000 458b | 8718 0600 | 004f 3b4c | 07f8 0f85 
  0x000001399f15d980: 4900 0000 | 4183 af18 | 0600 0008 | 4f3b 4c07 | f00f 842a | 0000 0049 | 8b01 a802 | 0f85 1200 
  0x000001399f15d9a0: 0000 4c8b | c049 83c8 | 01f0 4d0f | b101 0f84 | 0d00 0000 | 4183 8718 | 0600 0008 | e90c 0000 
  0x000001399f15d9c0: 0049 ff8f | 5005 0000 | e93e 0000 | 004c 894a | 0848 8bca | 4883 ec20 | 40f6 c40f | 0f84 1900 
  0x000001399f15d9e0: 0000 4883 | ec08 48b8 | f03d 30e7 | f97f 0000 | ffd0 4883 | c408 e90c | 0000 0048 | b8f0 3d30 
  0x000001399f15da00: e7f9 7f00 | 00ff d048 | 83c4 204c | 8b6d c049 | ba41 adb7 | e7f9 7f00 | 0041 803a | 000f 843e 
  0x000001399f15da20: 0000 0048 | 8b55 e849 | 8bcf 4883 | ec20 40f6 | c40f 0f84 | 1900 0000 | 4883 ec08 | 48b8 10ee 
  0x000001399f15da40: 67e7 f97f | 0000 ffd0 | 4883 c408 | e90c 0000 | 0048 b810 | ee67 e7f9 | 7f00 00ff | d048 83c4 
  0x000001399f15da60: 2048 8b04 | 2448 83c4 | 10c5 fb10 | 0424 4883 | c410 4c8b | 5d18 41ff | d34c 8b5d | f8c9 5f49 
  0x000001399f15da80: 8be3 ffe7 | ba00 0000 | 00e8 0500 | 0000 e996 | 0000 0048 | 8d44 2408 | 4c89 6dc0 | 498b cfc5 
  0x000001399f15daa0: f877 4989 | afb0 0300 | 0049 8987 | a003 0000 | 4883 ec20 | 40f6 c40f | 0f84 1900 | 0000 4883 
  0x000001399f15dac0: ec08 48b8 | a031 30e7 | f97f 0000 | ffd0 4883 | c408 e90c | 0000 0048 | b8a0 3130 | e7f9 7f00 
  0x000001399f15dae0: 00ff d048 | 83c4 2049 | c787 a003 | 0000 0000 | 0000 49c7 | 87b0 0300 | 0000 0000 | 0049 c787 
  0x000001399f15db00: a803 0000 | 0000 0000 | c5f8 7749 | 837f 0800 | 0f84 0500 | 0000 e9a5 | 33ff ff4c | 8b6d c04c 
  0x000001399f15db20: 8b75 c84e | 8d74 f500 | c348 8b5d | e8e9 26f5 | ffff 660f | 1f44 0000 
[/MachCode]

Compiled method (c1) 37852 4623       3       com.sun.webkit.network.HTTP2Loader$$Lambda/0x00000139b1400668::run (12 bytes)
 total in heap  [0x0000013998408708,0x0000013998408ac8] = 960
 relocation     [0x00000139984087e0,0x0000013998408830] = 80
 main code      [0x0000013998408840,0x0000013998408a68] = 552
 stub code      [0x0000013998408a68,0x0000013998408ab0] = 72
 oops           [0x0000013998408ab0,0x0000013998408ab8] = 8
 metadata       [0x0000013998408ab8,0x0000013998408ac8] = 16
 immutable data [0x0000013a092aa960,0x0000013a092aaa20] = 192
 dependencies   [0x0000013a092aa960,0x0000013a092aa968] = 8
 nul chk table  [0x0000013a092aa968,0x0000013a092aa980] = 24
 scopes pcs     [0x0000013a092aa980,0x0000013a092aa9f0] = 112
 scopes data    [0x0000013a092aa9f0,0x0000013a092aaa20] = 48

[Constant Pool (empty)]

[MachCode]
[Instructions begin]
  0x0000013998408840: 660f 1f84 | 0000 0000 | 0066 0f1f | 8400 0000 | 0000 448b | 5208 443b 

  0x0000013998408858: ;   {runtime_call ic_miss_stub}
  0x0000013998408858: 5008 0f85 | 805e d906 
[Verified Entry Point]
  0x0000013998408860: 8984 2400 | 80ff ff55 | 4883 ec30 | 4181 7f20 | 0300 0000 

  0x0000013998408874: ;   {runtime_call StubRoutines (final stubs)}
  0x0000013998408874: 7405 e8e5 

  0x0000013998408878: ;   {metadata(method data for {method} {0x00000139f2b31620} 'run' '()V' in 'com/sun/webkit/network/HTTP2Loader$$Lambda+0x00000139b1400668')}
  0x0000013998408878: 1ad8 0648 | beb8 52b5 | f239 0100 | 008b becc | 0000 0083 | c702 89be | cc00 0000 | 81e7 fe07 
  0x0000013998408898: 0000 85ff | 0f84 3d01 | 0000 8b72 | 0c48 c1e6 | 038b 5210 | 48c1 e203 

  0x00000139984088b0: ; implicit exception: dispatches to 0x0000013998408a00
  0x00000139984088b0: 483b 0648 

  0x00000139984088b4: ;   {metadata(method data for {method} {0x00000139f2b31620} 'run' '()V' in 'com/sun/webkit/network/HTTP2Loader$$Lambda+0x00000139b1400668')}
  0x00000139984088b4: 8bfe 48bb | b852 b5f2 | 3901 0000 | 4883 8318 | 0100 0001 

  0x00000139984088c8: ;   {metadata(method data for {method} {0x00000139f214a0f8} 'lambda$callBackIfNotCanceled$10' '(Ljava/lang/Runnable;)V' in 'com/sun/webkit/network/HTTP2Loader')}
  0x00000139984088c8: 48bf 4054 | b5f2 3901 | 0000 8b9f | cc00 0000 | 83c3 0289 | 9fcc 0000 | 0081 e3fe | ff1f 0085 
  0x00000139984088e8: db0f 8416 | 0100 000f | be76 0d85 

  0x00000139984088f4: ;   {metadata(method data for {method} {0x00000139f214a0f8} 'lambda$callBackIfNotCanceled$10' '(Ljava/lang/Runnable;)V' in 'com/sun/webkit/network/HTTP2Loader')}
  0x00000139984088f4: f648 be40 | 54b5 f239 | 0100 00bf | 1801 0000 | 7505 bf28 | 0100 0048 | 8b1c 3e48 | 8d5b 0148 
  0x0000013998408914: 891c 3e0f | 85af 0000 | 0048 3b02 

  0x0000013998408920: ;   {metadata(method data for {method} {0x00000139f214a0f8} 'lambda$callBackIfNotCanceled$10' '(Ljava/lang/Runnable;)V' in 'com/sun/webkit/network/HTTP2Loader')}
  0x0000013998408920: 488b f248 | bf40 54b5 | f239 0100 | 008b 7608 | 49ba 0000 | 00b0 3901 | 0000 4903 | f248 3bb7 
  0x0000013998408940: 4001 0000 | 750d 4883 | 8748 0100 | 0001 e960 | 0000 0048 | 3bb7 5001 | 0000 750d | 4883 8758 
  0x0000013998408960: 0100 0001 | e94a 0000 | 0048 83bf | 4001 0000 | 0075 1748 | 89b7 4001 | 0000 48c7 | 8748 0100 
  0x0000013998408980: 0001 0000 | 00e9 2900 | 0000 4883 | bf50 0100 | 0000 7517 | 4889 b750 | 0100 0048 | c787 5801 
  0x00000139984089a0: 0000 0100 | 0000 e908 | 0000 0048 | 8387 3801 | 0000 0166 | 9048 b8d0 | eebb 213a 

  0x00000139984089bc: ;   {virtual_call}
  0x00000139984089bc: 0100 00e8 

  0x00000139984089c0: ; ImmutableOopMap {}
                      ;*invokeinterface run {reexecute=0 rethrow=0 return_oop=0}
                      ; - com.sun.webkit.network.HTTP2Loader::lambda$callBackIfNotCanceled$10@8 (line 441)
                      ; - com.sun.webkit.network.HTTP2Loader$$Lambda/0x00000139b1400668::run@8
  0x00000139984089c0: 0c78 e706 

  0x00000139984089c4: ;   {other}
  0x00000139984089c4: 0f1f 8400 | bc02 0000 | 4883 c430 

  0x00000139984089d0: ;   {poll_return}
  0x00000139984089d0: 5d49 3ba7 | 4804 0000 | 0f87 4d00 

  0x00000139984089dc: ;   {metadata({method} {0x00000139f2b31620} 'run' '()V' in 'com/sun/webkit/network/HTTP2Loader$$Lambda+0x00000139b1400668')}
  0x00000139984089dc: 0000 c349 | ba18 16b3 | f239 0100 | 004c 8954 | 2408 48c7 | 0424 ffff 

  0x00000139984089f4: ;   {runtime_call counter_overflow Runtime1 stub}
  0x00000139984089f4: ffff e8e5 

  0x00000139984089f8: ; ImmutableOopMap {rdx=Oop }
                      ;*synchronization entry
                      ; - com.sun.webkit.network.HTTP2Loader$$Lambda/0x00000139b1400668::run@-1
  0x00000139984089f8: 04e7 06e9 | a2fe ffff 

  0x0000013998408a00: ;   {runtime_call throw_null_pointer_exception Runtime1 stub}
  0x0000013998408a00: e8db a0e6 

  0x0000013998408a04: ; ImmutableOopMap {rsi=Oop rdx=Oop }
                      ;*invokevirtual lambda$callBackIfNotCanceled$10 {reexecute=0 rethrow=0 return_oop=0}
                      ; - com.sun.webkit.network.HTTP2Loader$$Lambda/0x00000139b1400668::run@8
                      ;   {metadata({method} {0x00000139f214a0f8} 'lambda$callBackIfNotCanceled$10' '(Ljava/lang/Runnable;)V' in 'com/sun/webkit/network/HTTP2Loader')}
  0x0000013998408a04: 0649 baf0 | a014 f239 | 0100 004c | 8954 2408 | 48c7 0424 | ffff ffff 

  0x0000013998408a1c: ;   {runtime_call counter_overflow Runtime1 stub}
  0x0000013998408a1c: e8bf 04e7 

  0x0000013998408a20: ; ImmutableOopMap {rsi=Oop rdx=Oop }
                      ;*synchronization entry
                      ; - com.sun.webkit.network.HTTP2Loader::lambda$callBackIfNotCanceled$10@-1 (line 440)
                      ; - com.sun.webkit.network.HTTP2Loader$$Lambda/0x00000139b1400668::run@8
  0x0000013998408a20: 06e9 c9fe 

  0x0000013998408a24: ;   {runtime_call throw_null_pointer_exception Runtime1 stub}
  0x0000013998408a24: ffff e8b5 

  0x0000013998408a28: ; ImmutableOopMap {rdx=Oop }
                      ;*invokeinterface run {reexecute=0 rethrow=0 return_oop=0}
                      ; - com.sun.webkit.network.HTTP2Loader::lambda$callBackIfNotCanceled$10@8 (line 441)
                      ; - com.sun.webkit.network.HTTP2Loader$$Lambda/0x00000139b1400668::run@8
                      ;   {internal_word}
  0x0000013998408a28: a0e6 0649 | bad1 8940 | 9839 0100 | 004d 8997 | 6004 0000 

  0x0000013998408a3c: ;   {runtime_call SafepointBlob}
  0x0000013998408a3c: e99f ddd9 | 0649 8b87 | 0005 0000 | 49c7 8700 | 0500 0000 | 0000 0049 | c787 0805 | 0000 0000 
  0x0000013998408a5c: 0000 4883 

  0x0000013998408a60: ;   {runtime_call unwind_exception Runtime1 stub}
  0x0000013998408a60: c430 5de9 | f88b e606 
[Stub Code]
  0x0000013998408a68: ;   {no_reloc}
  0x0000013998408a68: 0f1f 4400 

  0x0000013998408a6c: ;   {static_stub}
  0x0000013998408a6c: 0048 bb00 | 0000 0000 

  0x0000013998408a74: ;   {runtime_call nmethod}
  0x0000013998408a74: 0000 00e9 | fbff ffff 
[Exception Handler]
  0x0000013998408a7c: ;   {runtime_call handle_exception_from_callee Runtime1 stub}
  0x0000013998408a7c: e85f c2e6 

  0x0000013998408a80: ;   {external_word}
  0x0000013998408a80: 0648 b930 | d58f e7f9 | 7f00 0048 

  0x0000013998408a8c: ;   {runtime_call}
  0x0000013998408a8c: 83e4 f048 | b870 4a56 | e7f9 7f00 | 00ff d0f4 
[Deopt Handler Code]
  0x0000013998408a9c: ;   {section_word}
  0x0000013998408a9c: 49ba 9c8a | 4098 3901 | 0000 4152 

  0x0000013998408aa8: ;   {runtime_call DeoptimizationBlob}
  0x0000013998408aa8: e953 f1d9 | 06f4 f4f4 
[/MachCode]


Compiled method (c1) 37864 4615       3       com.sun.javafx.application.PlatformImpl$$Lambda/0x00000139b11b14a0::run (8 bytes)
 total in heap  [0x0000013998403688,0x0000013998403a18] = 912
 relocation     [0x0000013998403760,0x00000139984037b0] = 80
 main code      [0x00000139984037c0,0x00000139984039b8] = 504
 stub code      [0x00000139984039b8,0x0000013998403a00] = 72
 oops           [0x0000013998403a00,0x0000013998403a08] = 8
 metadata       [0x0000013998403a08,0x0000013998403a18] = 16
 immutable data [0x0000013a094b60d0,0x0000013a094b6168] = 152
 dependencies   [0x0000013a094b60d0,0x0000013a094b60d8] = 8
 nul chk table  [0x0000013a094b60d8,0x0000013a094b60e8] = 16
 scopes pcs     [0x0000013a094b60e8,0x0000013a094b6148] = 96
 scopes data    [0x0000013a094b6148,0x0000013a094b6168] = 32

[Constant Pool (empty)]

[MachCode]
[Instructions begin]
  0x00000139984037c0: 660f 1f84 | 0000 0000 | 0066 0f1f | 8400 0000 | 0000 448b | 5208 443b 

  0x00000139984037d8: ;   {runtime_call ic_miss_stub}
  0x00000139984037d8: 5008 0f85 | 00af d906 
[Verified Entry Point]
  0x00000139984037e0: 8984 2400 | 80ff ff55 | 4883 ec30 | 4181 7f20 | 0300 0000 

  0x00000139984037f4: ;   {runtime_call StubRoutines (final stubs)}
  0x00000139984037f4: 7405 e865 

  0x00000139984037f8: ;   {metadata(method data for {method} {0x00000139f1e5ab68} 'run' '()Ljava/lang/Object;' in 'com/sun/javafx/application/PlatformImpl$$Lambda+0x00000139b11b14a0')}
  0x00000139984037f8: 6bd8 0648 | be00 40b5 | f239 0100 | 008b becc | 0000 0083 | c702 89be | cc00 0000 | 81e7 fe07 
  0x0000013998403818: 0000 85ff | 0f84 0f01 | 0000 8b52 | 0c48 c1e2 

  0x0000013998403828: ;   {metadata(method data for {method} {0x00000139f1e5ab68} 'run' '()Ljava/lang/Object;' in 'com/sun/javafx/application/PlatformImpl$$Lambda+0x00000139b11b14a0')}
  0x0000013998403828: 0348 be00 | 40b5 f239 | 0100 0048 | 8386 1801 

  0x0000013998403838: ;   {metadata(method data for {method} {0x00000139f1a624d8} 'lambda$runLater$10' '(Ljava/lang/Runnable;)Ljava/lang/Void;' in 'com/sun/javafx/application/PlatformImpl')}
  0x0000013998403838: 0000 0148 | be88 43b5 | f239 0100 | 008b becc | 0000 0083 | c702 89be | cc00 0000 | 81e7 feff 
  0x0000013998403858: 1f00 85ff | 0f84 f000 | 0000 483b | 0248 8bf2 

  0x0000013998403868: ;   {metadata(method data for {method} {0x00000139f1a624d8} 'lambda$runLater$10' '(Ljava/lang/Runnable;)Ljava/lang/Void;' in 'com/sun/javafx/application/PlatformImpl')}
  0x0000013998403868: 48bf 8843 | b5f2 3901 | 0000 8b76 | 0849 ba00 | 0000 b039 | 0100 0049 | 03f2 483b | b720 0100 
  0x0000013998403888: 0075 0d48 | 8387 2801 | 0000 01e9 | 6000 0000 | 483b b730 | 0100 0075 | 0d48 8387 | 3801 0000 
  0x00000139984038a8: 01e9 4a00 | 0000 4883 | bf20 0100 | 0000 7517 | 4889 b720 | 0100 0048 | c787 2801 | 0000 0100 
  0x00000139984038c8: 0000 e929 | 0000 0048 | 83bf 3001 | 0000 0075 | 1748 89b7 | 3001 0000 | 48c7 8738 | 0100 0001 
  0x00000139984038e8: 0000 00e9 | 0800 0000 | 4883 8718 | 0100 0001 | 0f1f 4400 | 0048 b840 | 95cb 1c3a 

  0x0000013998403904: ;   {virtual_call}
  0x0000013998403904: 0100 00e8 

  0x0000013998403908: ; ImmutableOopMap {}
                      ;*invokeinterface run {reexecute=0 rethrow=0 return_oop=0}
                      ; - com.sun.javafx.application.PlatformImpl::lambda$runLater$10@1 (line 457)
                      ; - com.sun.javafx.application.PlatformImpl$$Lambda/0x00000139b11b14a0::run@4
  0x0000013998403908: c4c8 e706 

  0x000001399840390c: ;   {other}
  0x000001399840390c: 0f1f 8400 | 8402 0000 

  0x0000013998403914: ;   {oop(nullptr)}
  0x0000013998403914: 48b8 0000 | 0000 0000 | 0000 4883 

  0x0000013998403920: ;   {poll_return}
  0x0000013998403920: c430 5d49 | 3ba7 4804 | 0000 0f87 | 4800 0000 

  0x0000013998403930: ;   {metadata({method} {0x00000139f1e5ab68} 'run' '()Ljava/lang/Object;' in 'com/sun/javafx/application/PlatformImpl$$Lambda+0x00000139b11b14a0')}
  0x0000013998403930: c349 ba60 | abe5 f139 | 0100 004c | 8954 2408 | 48c7 0424 | ffff ffff 

  0x0000013998403948: ;   {runtime_call counter_overflow Runtime1 stub}
  0x0000013998403948: e893 55e7 

  0x000001399840394c: ; ImmutableOopMap {rdx=Oop }
                      ;*synchronization entry
                      ; - com.sun.javafx.application.PlatformImpl$$Lambda/0x00000139b11b14a0::run@-1
  0x000001399840394c: 06e9 d0fe 

  0x0000013998403950: ;   {metadata({method} {0x00000139f1a624d8} 'lambda$runLater$10' '(Ljava/lang/Runnable;)Ljava/lang/Void;' in 'com/sun/javafx/application/PlatformImpl')}
  0x0000013998403950: ffff 49ba | d024 a6f1 | 3901 0000 | 4c89 5424 | 0848 c704 | 24ff ffff 

  0x0000013998403968: ;   {runtime_call counter_overflow Runtime1 stub}
  0x0000013998403968: ffe8 7255 

  0x000001399840396c: ; ImmutableOopMap {rdx=Oop }
                      ;*synchronization entry
                      ; - com.sun.javafx.application.PlatformImpl::lambda$runLater$10@-1 (line 457)
                      ; - com.sun.javafx.application.PlatformImpl$$Lambda/0x00000139b11b14a0::run@4
  0x000001399840396c: e706 e9ef 

  0x0000013998403970: ;   {runtime_call throw_null_pointer_exception Runtime1 stub}
  0x0000013998403970: feff ffe8 

  0x0000013998403974: ; ImmutableOopMap {rdx=Oop }
                      ;*invokeinterface run {reexecute=0 rethrow=0 return_oop=0}
                      ; - com.sun.javafx.application.PlatformImpl::lambda$runLater$10@1 (line 457)
                      ; - com.sun.javafx.application.PlatformImpl$$Lambda/0x00000139b11b14a0::run@4
  0x0000013998403974: 68f1 e606 

  0x0000013998403978: ;   {internal_word}
  0x0000013998403978: 49ba 2339 | 4098 3901 | 0000 4d89 | 9760 0400 

  0x0000013998403988: ;   {runtime_call SafepointBlob}
  0x0000013998403988: 00e9 522e | da06 498b | 8700 0500 | 0049 c787 | 0005 0000 | 0000 0000 | 49c7 8708 | 0500 0000 
  0x00000139984039a8: 0000 0048 | 83c4 305d 

  0x00000139984039b0: ;   {runtime_call unwind_exception Runtime1 stub}
  0x00000139984039b0: e9ab dce6 | 06f4 f4f4 
[Stub Code]
  0x00000139984039b8: ;   {no_reloc}
  0x00000139984039b8: 0f1f 4400 

  0x00000139984039bc: ;   {static_stub}
  0x00000139984039bc: 0048 bb00 | 0000 0000 

  0x00000139984039c4: ;   {runtime_call nmethod}
  0x00000139984039c4: 0000 00e9 | fbff ffff 
[Exception Handler]
  0x00000139984039cc: ;   {runtime_call handle_exception_from_callee Runtime1 stub}
  0x00000139984039cc: e80f 13e7 

  0x00000139984039d0: ;   {external_word}
  0x00000139984039d0: 0648 b930 | d58f e7f9 | 7f00 0048 

  0x00000139984039dc: ;   {runtime_call}
  0x00000139984039dc: 83e4 f048 | b870 4a56 | e7f9 7f00 | 00ff d0f4 
[Deopt Handler Code]
  0x00000139984039ec: ;   {section_word}
  0x00000139984039ec: 49ba ec39 | 4098 3901 | 0000 4152 

  0x00000139984039f8: ;   {runtime_call DeoptimizationBlob}
  0x00000139984039f8: e903 42da | 06f4 f4f4 
[/MachCode]


---------------  P R O C E S S  ---------------

Threads class SMR info:
_java_thread_list=0x0000013a15735fa0, length=34, elements={
0x00000139af276f20, 0x00000139af277ee0, 0x00000139af27a5c0, 0x00000139af27b110,
0x00000139af27be10, 0x00000139af27cc40, 0x00000139af28d580, 0x00000139af2920a0,
0x00000139af39b350, 0x00000139af620570, 0x00000139af620be0, 0x00000139af796560,
0x00000139af799630, 0x00000139af7a09a0, 0x000001398d395d60, 0x0000013a02004330,
0x0000013a020049c0, 0x0000013a02244490, 0x0000013a01afcfc0, 0x0000013a020028f0,
0x0000013a02002f80, 0x0000013a020056e0, 0x0000013a02003610, 0x0000013a08dba500,
0x0000013a08dbb220, 0x0000013a08dbab90, 0x0000013a08db7710, 0x0000013a08dbb8b0,
0x0000013a08db7da0, 0x0000013a08dbd2f0, 0x0000013a08dbcc60, 0x0000013a08db8430,
0x0000013a08dbd980, 0x0000013a08dbe010
}

Java Threads: ( => current thread )
  0x00000139af276f20 JavaThread "Reference Handler"          daemon [_thread_blocked, id=5060, stack(0x0000000a4b000000,0x0000000a4b100000) (1024K)]
  0x00000139af277ee0 JavaThread "Finalizer"                  daemon [_thread_blocked, id=26284, stack(0x0000000a4b100000,0x0000000a4b200000) (1024K)]
  0x00000139af27a5c0 JavaThread "Signal Dispatcher"          daemon [_thread_blocked, id=26180, stack(0x0000000a4b200000,0x0000000a4b300000) (1024K)]
  0x00000139af27b110 JavaThread "Attach Listener"            daemon [_thread_blocked, id=2608, stack(0x0000000a4b300000,0x0000000a4b400000) (1024K)]
  0x00000139af27be10 JavaThread "Service Thread"             daemon [_thread_blocked, id=2116, stack(0x0000000a4b400000,0x0000000a4b500000) (1024K)]
  0x00000139af27cc40 JavaThread "Monitor Deflation Thread"   daemon [_thread_blocked, id=9552, stack(0x0000000a4b500000,0x0000000a4b600000) (1024K)]
  0x00000139af28d580 JavaThread "C2 CompilerThread0"         daemon [_thread_blocked, id=2872, stack(0x0000000a4b600000,0x0000000a4b700000) (1024K)]
  0x00000139af2920a0 JavaThread "C1 CompilerThread0"         daemon [_thread_blocked, id=14432, stack(0x0000000a4b700000,0x0000000a4b800000) (1024K)]
  0x00000139af39b350 JavaThread "Common-Cleaner"             daemon [_thread_blocked, id=4344, stack(0x0000000a4b800000,0x0000000a4b900000) (1024K)]
  0x00000139af620570 JavaThread "Monitor Ctrl-Break"         daemon [_thread_in_native, id=22640, stack(0x0000000a4bc00000,0x0000000a4bd00000) (1024K)]
  0x00000139af620be0 JavaThread "Notification Thread"        daemon [_thread_blocked, id=20972, stack(0x0000000a4bd00000,0x0000000a4be00000) (1024K)]
  0x00000139af796560 JavaThread "Java2D Disposer"            daemon [_thread_blocked, id=8172, stack(0x0000000a4be00000,0x0000000a4bf00000) (1024K)]
  0x00000139af799630 JavaThread "AWT-Shutdown"                      [_thread_blocked, id=16712, stack(0x0000000a4bf00000,0x0000000a4c000000) (1024K)]
  0x00000139af7a09a0 JavaThread "AWT-EventQueue-0"                  [_thread_blocked, id=22060, stack(0x0000000a4c100000,0x0000000a4c200000) (1024K)]
  0x000001398d395d60 JavaThread "DestroyJavaVM"                     [_thread_blocked, id=12112, stack(0x0000000a4a800000,0x0000000a4a900000) (1024K)]
  0x0000013a02004330 JavaThread "TimerQueue"                 daemon [_thread_blocked, id=10464, stack(0x0000000a4d200000,0x0000000a4d300000) (1024K)]
  0x0000013a020049c0 JavaThread "Image Fetcher 0"            daemon [_thread_blocked, id=11380, stack(0x0000000a4e400000,0x0000000a4e500000) (1024K)]
  0x0000013a02244490 JavaThread "C1 CompilerThread1"         daemon [_thread_blocked, id=16516, stack(0x0000000a4e500000,0x0000000a4e600000) (1024K)]
  0x0000013a01afcfc0 JavaThread "C1 CompilerThread2"         daemon [_thread_blocked, id=21680, stack(0x0000000a4e700000,0x0000000a4e800000) (1024K)]
  0x0000013a020028f0 JavaThread "InvokeLaterDispatcher"      daemon [_thread_blocked, id=13204, stack(0x0000000a4eb00000,0x0000000a4ec00000) (1024K)]
=>0x0000013a02002f80 JavaThread "JavaFX Application Thread"         [_thread_in_native, id=23000, stack(0x0000000a4ec00000,0x0000000a4ed00000) (1024K)]
  0x0000013a020056e0 JavaThread "Thread-2"                   daemon [_thread_in_native, id=9816, stack(0x0000000a4e600000,0x0000000a4e700000) (1024K)]
  0x0000013a02003610 JavaThread "Prism Font Disposer"        daemon [_thread_blocked, id=11460, stack(0x0000000a4fd00000,0x0000000a4fe00000) (1024K)]
  0x0000013a08dba500 JavaThread "Disposer"                   daemon [_thread_blocked, id=16484, stack(0x0000000a4ff00000,0x0000000a50000000) (1024K)]
  0x0000013a08dbb220 JavaThread "HttpClient-1-SelectorManager" daemon [_thread_in_native, id=22684, stack(0x0000000a4fc00000,0x0000000a4fd00000) (1024K)]
  0x0000013a08dbab90 JavaThread "URL-Loader-1"               daemon [_thread_blocked, id=19872, stack(0x0000000a50200000,0x0000000a50300000) (1024K)]
  0x0000013a08db7710 JavaThread "JFXMedia Player EventQueueThread" daemon [_thread_blocked, id=4984, stack(0x0000000a50400000,0x0000000a50500000) (1024K)]
  0x0000013a08dbb8b0 JavaThread "Thread-18"                  daemon [_thread_in_native, id=16988, stack(0x0000000a51200000,0x0000000a51300000) (1024K)]
  0x0000013a08db7da0 JavaThread "HttpClient-1-Worker-0"      daemon [_thread_blocked, id=26376, stack(0x0000000a51800000,0x0000000a51900000) (1024K)]
  0x0000013a08dbd2f0 JavaThread "Media Resource Disposer"    daemon [_thread_blocked, id=20320, stack(0x0000000a51900000,0x0000000a51a00000) (1024K)]
  0x0000013a08dbcc60 JavaThread "HttpClient-1-Worker-1"      daemon [_thread_blocked, id=17144, stack(0x0000000a52500000,0x0000000a52600000) (1024K)]
  0x0000013a08db8430 JavaThread "Timer-0"                    daemon [_thread_blocked, id=20460, stack(0x0000000a53100000,0x0000000a53200000) (1024K)]
  0x0000013a08dbd980 JavaThread "ForkJoinPool.commonPool-worker-1" daemon [_thread_blocked, id=20940, stack(0x0000000a53300000,0x0000000a53400000) (1024K)]
  0x0000013a08dbe010 JavaThread "ForkJoinPool.commonPool-worker-2" daemon [_thread_blocked, id=13916, stack(0x0000000a53400000,0x0000000a53500000) (1024K)]
Total: 34

Other Threads:
  0x00000139af25cf90 VMThread "VM Thread"                           [id=17912, stack(0x0000000a4af00000,0x0000000a4b000000) (1024K)]
  0x00000139af247750 WatcherThread "VM Periodic Task Thread"        [id=15128, stack(0x0000000a4ae00000,0x0000000a4af00000) (1024K)]
  0x000001398f634110 WorkerThread "GC Thread#0"                     [id=9760, stack(0x0000000a4a900000,0x0000000a4aa00000) (1024K)]
  0x0000013a01899150 WorkerThread "GC Thread#1"                     [id=1788, stack(0x0000000a4bb00000,0x0000000a4bc00000) (1024K)]
  0x0000013a01899500 WorkerThread "GC Thread#2"                     [id=22880, stack(0x0000000a4d300000,0x0000000a4d400000) (1024K)]
  0x0000013a018998b0 WorkerThread "GC Thread#3"                     [id=7476, stack(0x0000000a4d400000,0x0000000a4d500000) (1024K)]
  0x0000013a01899c60 WorkerThread "GC Thread#4"                     [id=24580, stack(0x0000000a4dc00000,0x0000000a4dd00000) (1024K)]
  0x0000013a0189b840 WorkerThread "GC Thread#5"                     [id=23436, stack(0x0000000a4dd00000,0x0000000a4de00000) (1024K)]
  0x0000013a01b90840 WorkerThread "GC Thread#6"                     [id=24064, stack(0x0000000a4de00000,0x0000000a4df00000) (1024K)]
  0x0000013a021d35a0 WorkerThread "GC Thread#7"                     [id=24936, stack(0x0000000a4df00000,0x0000000a4e000000) (1024K)]
  0x0000013a021d91b0 WorkerThread "GC Thread#8"                     [id=8076, stack(0x0000000a4e000000,0x0000000a4e100000) (1024K)]
  0x0000013a021d8e00 WorkerThread "GC Thread#9"                     [id=23468, stack(0x0000000a4e100000,0x0000000a4e200000) (1024K)]
  0x0000013a021da070 WorkerThread "GC Thread#10"                    [id=10208, stack(0x0000000a4e200000,0x0000000a4e300000) (1024K)]
  0x0000013a021d8a50 WorkerThread "GC Thread#11"                    [id=24996, stack(0x0000000a4e300000,0x0000000a4e400000) (1024K)]
  0x0000013a021da420 WorkerThread "GC Thread#12"                    [id=18152, stack(0x0000000a4e900000,0x0000000a4ea00000) (1024K)]
  0x000001398f6484c0 ConcurrentGCThread "G1 Main Marker"            [id=6480, stack(0x0000000a4aa00000,0x0000000a4ab00000) (1024K)]
  0x000001398f649770 WorkerThread "G1 Conc#0"                       [id=23940, stack(0x0000000a4ab00000,0x0000000a4ac00000) (1024K)]
  0x0000013a08d235b0 WorkerThread "G1 Conc#1"                       [id=23008, stack(0x0000000a50000000,0x0000000a50100000) (1024K)]
  0x0000013a08d20d20 WorkerThread "G1 Conc#2"                       [id=5228, stack(0x0000000a50100000,0x0000000a50200000) (1024K)]
  0x00000139af118c60 ConcurrentGCThread "G1 Refine#0"               [id=10900, stack(0x0000000a4ac00000,0x0000000a4ad00000) (1024K)]
  0x00000139af1197e0 ConcurrentGCThread "G1 Service"                [id=23592, stack(0x0000000a4ad00000,0x0000000a4ae00000) (1024K)]
Total: 21

Threads with active compile tasks:
Total: 0

VM state: not at safepoint (normal execution)

VM Mutex/Monitor currently owned by a thread: None

Heap address: 0x000000070b600000, size: 3914 MB, Compressed Oops mode: Zero based, Oop shift amount: 3

CDS archive(s) mapped at: [0x00000139b0000000-0x00000139b0d70000-0x00000139b0d70000), size 14090240, SharedBaseAddress: 0x00000139b0000000, ArchiveRelocationMode: 1.
Compressed class space mapped at: 0x00000139b1000000-0x00000139f1000000, reserved size: 1073741824
Narrow klass base: 0x00000139b0000000, Narrow klass shift: 0, Narrow klass range: 0x41000000

GC Precious Log:
 CardTable entry size: 512
 Card Set container configuration: InlinePtr #cards 4 size 8 Array Of Cards #cards 16 size 48 Howl #buckets 8 coarsen threshold 3686 Howl Bitmap #cards 512 size 80 coarsen threshold 460 Card regions per heap region 1 cards per card region 4096
 CPUs: 16 total, 16 available
 Memory: 15652M
 Large Page Support: Disabled
 NUMA Support: Disabled
 Compressed Oops: Enabled (Zero based)
 Heap Region Size: 2M
 Heap Min Capacity: 8M
 Heap Initial Capacity: 246M
 Heap Max Capacity: 3914M
 Pre-touch: Disabled
 Parallel Workers: 13
 Concurrent Workers: 3
 Concurrent Refinement Workers: 13
 Periodic GC: Disabled

Heap:
 garbage-first heap   total reserved 4007936K, committed 106496K, used 66291K [0x000000070b600000, 0x0000000800000000)
  region size 2048K, 21 young (43008K), 2 survivors (4096K)
 Metaspace       used 31728K, committed 32256K, reserved 1114112K
  class space    used 4056K, committed 4288K, reserved 1048576K

Heap Regions: E=young(eden), S=young(survivor), O=old, HS=humongous(starts), HC=humongous(continues), CS=collection set, F=free, TAMS=top-at-mark-start, PB=parsable bottom
|   0|0x000000070b600000, 0x000000070b800000, 0x000000070b800000|100%|HS|  |TAMS 0x000000070b600000| PB 0x000000070b600000| Complete |  0
|   1|0x000000070b800000, 0x000000070ba00000, 0x000000070ba00000|100%|HC|  |TAMS 0x000000070b800000| PB 0x000000070b800000| Complete |  0
|   2|0x000000070ba00000, 0x000000070bc00000, 0x000000070bc00000|100%| O|  |TAMS 0x000000070ba00000| PB 0x000000070ba00000| Untracked |  0
|   3|0x000000070bc00000, 0x000000070be00000, 0x000000070be00000|100%|HS|  |TAMS 0x000000070bc00000| PB 0x000000070bc00000| Complete |  0
|   4|0x000000070be00000, 0x000000070c000000, 0x000000070c000000|100%|HS|  |TAMS 0x000000070be00000| PB 0x000000070be00000| Complete |  0
|   5|0x000000070c000000, 0x000000070c200000, 0x000000070c200000|100%|HC|  |TAMS 0x000000070c000000| PB 0x000000070c000000| Complete |  0
|   6|0x000000070c200000, 0x000000070c400000, 0x000000070c400000|100%| O|  |TAMS 0x000000070c200000| PB 0x000000070c200000| Untracked |  0
|   7|0x000000070c400000, 0x000000070c600000, 0x000000070c600000|100%| O|  |TAMS 0x000000070c400000| PB 0x000000070c400000| Untracked |  0
|   8|0x000000070c600000, 0x000000070c800000, 0x000000070c800000|100%|HS|  |TAMS 0x000000070c600000| PB 0x000000070c600000| Complete |  0
|   9|0x000000070c800000, 0x000000070ca00000, 0x000000070ca00000|100%|HC|  |TAMS 0x000000070c800000| PB 0x000000070c800000| Complete |  0
|  10|0x000000070ca00000, 0x000000070cc00000, 0x000000070cc00000|100%|HC|  |TAMS 0x000000070ca00000| PB 0x000000070ca00000| Complete |  0
|  11|0x000000070cc00000, 0x000000070ce00000, 0x000000070ce00000|100%| O|  |TAMS 0x000000070cc00000| PB 0x000000070cc00000| Untracked |  0
|  12|0x000000070ce00000, 0x000000070d000000, 0x000000070d000000|100%| O|  |TAMS 0x000000070ce00000| PB 0x000000070ce00000| Untracked |  0
|  13|0x000000070d000000, 0x000000070d1a7288, 0x000000070d200000| 82%| O|  |TAMS 0x000000070d000000| PB 0x000000070d000000| Untracked |  0
|  14|0x000000070d200000, 0x000000070d200000, 0x000000070d400000|  0%| F|  |TAMS 0x000000070d200000| PB 0x000000070d200000| Untracked |  0
|  15|0x000000070d400000, 0x000000070d400000, 0x000000070d600000|  0%| F|  |TAMS 0x000000070d400000| PB 0x000000070d400000| Untracked |  0
|  16|0x000000070d600000, 0x000000070d600000, 0x000000070d800000|  0%| F|  |TAMS 0x000000070d600000| PB 0x000000070d600000| Untracked |  0
|  17|0x000000070d800000, 0x000000070d800000, 0x000000070da00000|  0%| F|  |TAMS 0x000000070d800000| PB 0x000000070d800000| Untracked |  0
|  18|0x000000070da00000, 0x000000070da00000, 0x000000070dc00000|  0%| F|  |TAMS 0x000000070da00000| PB 0x000000070da00000| Untracked |  0
|  19|0x000000070dc00000, 0x000000070dc00000, 0x000000070de00000|  0%| F|  |TAMS 0x000000070dc00000| PB 0x000000070dc00000| Untracked |  0
|  20|0x000000070de00000, 0x000000070de00000, 0x000000070e000000|  0%| F|  |TAMS 0x000000070de00000| PB 0x000000070de00000| Untracked |  0
|  21|0x000000070e000000, 0x000000070e000000, 0x000000070e200000|  0%| F|  |TAMS 0x000000070e000000| PB 0x000000070e000000| Untracked |  0
|  22|0x000000070e200000, 0x000000070e200000, 0x000000070e400000|  0%| F|  |TAMS 0x000000070e200000| PB 0x000000070e200000| Untracked |  0
|  23|0x000000070e400000, 0x000000070e400000, 0x000000070e600000|  0%| F|  |TAMS 0x000000070e400000| PB 0x000000070e400000| Untracked |  0
|  24|0x000000070e600000, 0x000000070e600000, 0x000000070e800000|  0%| F|  |TAMS 0x000000070e600000| PB 0x000000070e600000| Untracked |  0
|  25|0x000000070e800000, 0x000000070e800000, 0x000000070ea00000|  0%| F|  |TAMS 0x000000070e800000| PB 0x000000070e800000| Untracked |  0
|  26|0x000000070ea00000, 0x000000070ea00000, 0x000000070ec00000|  0%| F|  |TAMS 0x000000070ea00000| PB 0x000000070ea00000| Untracked |  0
|  27|0x000000070ec00000, 0x000000070ec00000, 0x000000070ee00000|  0%| F|  |TAMS 0x000000070ec00000| PB 0x000000070ec00000| Untracked |  0
|  28|0x000000070ee00000, 0x000000070ee00000, 0x000000070f000000|  0%| F|  |TAMS 0x000000070ee00000| PB 0x000000070ee00000| Untracked |  0
|  29|0x000000070f000000, 0x000000070f000000, 0x000000070f200000|  0%| F|  |TAMS 0x000000070f000000| PB 0x000000070f000000| Untracked |  0
|  30|0x000000070f200000, 0x000000070f200000, 0x000000070f400000|  0%| F|  |TAMS 0x000000070f200000| PB 0x000000070f200000| Untracked |  0
|  31|0x000000070f400000, 0x000000070f47b130, 0x000000070f600000| 24%| E|  |TAMS 0x000000070f400000| PB 0x000000070f400000| Complete |  0
|  32|0x000000070f600000, 0x000000070f800000, 0x000000070f800000|100%| E|CS|TAMS 0x000000070f600000| PB 0x000000070f600000| Complete |  0
|  33|0x000000070f800000, 0x000000070fa00000, 0x000000070fa00000|100%| E|CS|TAMS 0x000000070f800000| PB 0x000000070f800000| Complete |  0
|  34|0x000000070fa00000, 0x000000070fc00000, 0x000000070fc00000|100%| E|CS|TAMS 0x000000070fa00000| PB 0x000000070fa00000| Complete |  0
|  35|0x000000070fc00000, 0x000000070fe00000, 0x000000070fe00000|100%| E|CS|TAMS 0x000000070fc00000| PB 0x000000070fc00000| Complete |  0
|  36|0x000000070fe00000, 0x0000000710000000, 0x0000000710000000|100%| E|CS|TAMS 0x000000070fe00000| PB 0x000000070fe00000| Complete |  0
|  37|0x0000000710000000, 0x0000000710200000, 0x0000000710200000|100%| E|CS|TAMS 0x0000000710000000| PB 0x0000000710000000| Complete |  0
|  38|0x0000000710200000, 0x0000000710400000, 0x0000000710400000|100%| E|CS|TAMS 0x0000000710200000| PB 0x0000000710200000| Complete |  0
|  39|0x0000000710400000, 0x0000000710600000, 0x0000000710600000|100%| E|CS|TAMS 0x0000000710400000| PB 0x0000000710400000| Complete |  0
|  40|0x0000000710600000, 0x0000000710800000, 0x0000000710800000|100%| E|  |TAMS 0x0000000710600000| PB 0x0000000710600000| Complete |  0
|  41|0x0000000710800000, 0x0000000710a00000, 0x0000000710a00000|100%| E|CS|TAMS 0x0000000710800000| PB 0x0000000710800000| Complete |  0
|  42|0x0000000710a00000, 0x0000000710c00000, 0x0000000710c00000|100%| E|CS|TAMS 0x0000000710a00000| PB 0x0000000710a00000| Complete |  0
|  43|0x0000000710c00000, 0x0000000710e00000, 0x0000000710e00000|100%| E|CS|TAMS 0x0000000710c00000| PB 0x0000000710c00000| Complete |  0
|  44|0x0000000710e00000, 0x0000000711000000, 0x0000000711000000|100%| E|CS|TAMS 0x0000000710e00000| PB 0x0000000710e00000| Complete |  0
|  45|0x0000000711000000, 0x0000000711200000, 0x0000000711200000|100%| E|CS|TAMS 0x0000000711000000| PB 0x0000000711000000| Complete |  0
|  46|0x0000000711200000, 0x0000000711400000, 0x0000000711400000|100%| E|CS|TAMS 0x0000000711200000| PB 0x0000000711200000| Complete |  0
|  47|0x0000000711400000, 0x0000000711600000, 0x0000000711600000|100%| E|CS|TAMS 0x0000000711400000| PB 0x0000000711400000| Complete |  0
|  48|0x0000000711600000, 0x0000000711800000, 0x0000000711800000|100%| S|CS|TAMS 0x0000000711600000| PB 0x0000000711600000| Complete |  0
|  49|0x0000000711800000, 0x0000000711915a18, 0x0000000711a00000| 54%| S|CS|TAMS 0x0000000711800000| PB 0x0000000711800000| Complete |  0
| 120|0x000000071a600000, 0x000000071a800000, 0x000000071a800000|100%| E|CS|TAMS 0x000000071a600000| PB 0x000000071a600000| Complete |  0
| 122|0x000000071aa00000, 0x000000071ac00000, 0x000000071ac00000|100%| E|CS|TAMS 0x000000071aa00000| PB 0x000000071aa00000| Complete |  0

Card table byte_map: [0x00000139a7d30000,0x00000139a84e0000] _byte_map_base: 0x00000139a44d5000

Marking Bits: (CMBitMap*) 0x000001398f634820
 Bits: [0x00000139a84e0000, 0x00000139ac208000)

Polling page: 0x000001398d540000

Metaspace:

Usage:
  Non-class:     27.02 MB used.
      Class:      3.96 MB used.
       Both:     30.99 MB used.

Virtual space:
  Non-class space:       64.00 MB reserved,      27.31 MB ( 43%) committed,  1 nodes.
      Class space:        1.00 GB reserved,       4.19 MB ( <1%) committed,  1 nodes.
             Both:        1.06 GB reserved,      31.50 MB (  3%) committed. 

Chunk freelists:
   Non-Class:  4.59 MB
       Class:  11.67 MB
        Both:  16.27 MB

MaxMetaspaceSize: unlimited
CompressedClassSpaceSize: 1.00 GB
Initial GC threshold: 21.00 MB
Current GC threshold: 35.25 MB
CDS: on
 - commit_granule_bytes: 65536.
 - commit_granule_words: 8192.
 - virtual_space_node_default_size: 8388608.
 - enlarge_chunks_in_place: 1.
 - use_allocation_guard: 0.


Internal statistics:

num_allocs_failed_limit: 3.
num_arena_births: 632.
num_arena_deaths: 0.
num_vsnodes_births: 2.
num_vsnodes_deaths: 0.
num_space_committed: 504.
num_space_uncommitted: 0.
num_chunks_returned_to_freelist: 3.
num_chunks_taken_from_freelist: 1231.
num_chunk_merges: 0.
num_chunk_splits: 784.
num_chunks_enlarged: 487.
num_inconsistent_stats: 0.

CodeHeap 'non-profiled nmethods': size=119232Kb used=1863Kb max_used=1863Kb free=117368Kb
 bounds [0x000001399f890000, 0x000001399fb00000, 0x00000139a6d00000]
CodeHeap 'profiled nmethods': size=119104Kb used=7347Kb max_used=7347Kb free=111756Kb
 bounds [0x0000013997d00000, 0x0000013998430000, 0x000001399f150000]
CodeHeap 'non-nmethods': size=7424Kb used=3469Kb max_used=3499Kb free=3954Kb
 bounds [0x000001399f150000, 0x000001399f4d0000, 0x000001399f890000]
CodeCache: size=245760Kb, used=12679Kb, max_used=12709Kb, free=233078Kb
 total_blobs=5805, nmethods=4728, adapters=978, full_count=0
Compilation: enabled, stopped_count=0, restarted_count=0

Compilation events (20 events):
Event: 36.856 Thread 0x0000013a04807e40 nmethod 4643 0x000001399fa54f88 code [0x000001399fa550c0, 0x000001399fa55740]
Event: 36.926 Thread 0x0000013a01afcfc0 4649       1       java.lang.Long::longValue (5 bytes)
Event: 36.926 Thread 0x0000013a01afcfc0 nmethod 4649 0x000001399fa55808 code [0x000001399fa55920, 0x000001399fa559e8]
Event: 36.927 Thread 0x0000013a01afcfc0 4650       3       java.lang.Thread$ThreadNumbering::next (14 bytes)
Event: 36.927 Thread 0x0000013a01afcfc0 nmethod 4650 0x0000013998413c08 code [0x0000013998413d20, 0x0000013998413e28]
Event: 36.934 Thread 0x00000139af28d580 nmethod 4326 0x000001399fa55b08 code [0x000001399fa56380, 0x000001399fa5d348]
Event: 36.987 Thread 0x0000013a04807e40 4651       4       java.lang.invoke.MemberName::initResolved (53 bytes)
Event: 36.987 Thread 0x0000013a04807e40 nmethod 4651 0x000001399fa5d488 code [0x000001399fa5d580, 0x000001399fa5d658]
Event: 37.028 Thread 0x00000139af2920a0 4652       3       java.util.logging.LogManager$LoggerContext::getGlobalLogger (6 bytes)
Event: 37.029 Thread 0x00000139af2920a0 nmethod 4652 0x0000013998413f08 code [0x0000013998414020, 0x0000013998414138]
Event: 37.030 Thread 0x0000013a01afcfc0 4653       3       java.util.Collections$3::nextElement (10 bytes)
Event: 37.030 Thread 0x00000139af2920a0 4654       1       java.util.concurrent.CopyOnWriteArrayList::getArray (5 bytes)
Event: 37.030 Thread 0x0000013a01afcfc0 nmethod 4653 0x0000013998414208 code [0x0000013998414320, 0x0000013998414500]
Event: 37.030 Thread 0x00000139af2920a0 nmethod 4654 0x000001399fa5d788 code [0x000001399fa5d8a0, 0x000001399fa5d970]
Event: 37.065 Thread 0x0000013a01afcfc0 4655       3       java.lang.invoke.Invokers$Holder::linkToTargetMethod (11 bytes)
Event: 37.065 Thread 0x0000013a01afcfc0 nmethod 4655 0x0000013998414588 code [0x00000139984146c0, 0x0000013998414af0]
Event: 37.095 Thread 0x00000139af28d580 4656       4       java.nio.charset.CoderResult::isOverflow (14 bytes)
Event: 37.095 Thread 0x0000013a01afcfc0 4657       3       java.lang.Math::round (56 bytes)
Event: 37.096 Thread 0x00000139af28d580 nmethod 4656 0x000001399fa5da88 code [0x000001399fa5db80, 0x000001399fa5dc08]
Event: 37.096 Thread 0x0000013a01afcfc0 nmethod 4657 0x0000013998414b08 code [0x0000013998414c20, 0x0000013998414df8]

GC Heap History (10 events):
Event: 19.502 GC heap before
{Heap before GC invocations=0 (full 0):
 garbage-first heap   total reserved 4007936K, committed 251904K, used 26624K [0x000000070b600000, 0x0000000800000000)
  region size 2048K, 12 young (24576K), 0 survivors (0K)
 Metaspace       used 10268K, committed 10496K, reserved 1114112K
  class space    used 1149K, committed 1280K, reserved 1048576K
}
Event: 19.515 GC heap after
{Heap after GC invocations=1 (full 0):
 garbage-first heap   total reserved 4007936K, committed 251904K, used 9218K [0x000000070b600000, 0x0000000800000000)
  region size 2048K, 2 young (4096K), 2 survivors (4096K)
 Metaspace       used 10268K, committed 10496K, reserved 1114112K
  class space    used 1149K, committed 1280K, reserved 1048576K
}
Event: 33.831 GC heap before
{Heap before GC invocations=1 (full 0):
 garbage-first heap   total reserved 4007936K, committed 251904K, used 33794K [0x000000070b600000, 0x0000000800000000)
  region size 2048K, 12 young (24576K), 2 survivors (4096K)
 Metaspace       used 12495K, committed 12736K, reserved 1114112K
  class space    used 1408K, committed 1536K, reserved 1048576K
}
Event: 33.838 GC heap after
{Heap after GC invocations=2 (full 0):
 garbage-first heap   total reserved 4007936K, committed 251904K, used 17462K [0x000000070b600000, 0x0000000800000000)
  region size 2048K, 1 young (2048K), 1 survivors (2048K)
 Metaspace       used 12495K, committed 12736K, reserved 1114112K
  class space    used 1408K, committed 1536K, reserved 1048576K
}
Event: 35.240 GC heap before
{Heap before GC invocations=2 (full 0):
 garbage-first heap   total reserved 4007936K, committed 251904K, used 78902K [0x000000070b600000, 0x0000000800000000)
  region size 2048K, 29 young (59392K), 1 survivors (2048K)
 Metaspace       used 20146K, committed 20480K, reserved 1114112K
  class space    used 2421K, committed 2560K, reserved 1048576K
}
Event: 35.249 GC heap after
{Heap after GC invocations=3 (full 0):
 garbage-first heap   total reserved 4007936K, committed 251904K, used 28648K [0x000000070b600000, 0x0000000800000000)
  region size 2048K, 4 young (8192K), 4 survivors (8192K)
 Metaspace       used 20146K, committed 20480K, reserved 1114112K
  class space    used 2421K, committed 2560K, reserved 1048576K
}
Event: 35.377 GC heap before
{Heap before GC invocations=3 (full 0):
 garbage-first heap   total reserved 4007936K, committed 251904K, used 30696K [0x000000070b600000, 0x0000000800000000)
  region size 2048K, 6 young (12288K), 4 survivors (8192K)
 Metaspace       used 21107K, committed 21504K, reserved 1114112K
  class space    used 2539K, committed 2752K, reserved 1048576K
}
Event: 35.387 GC heap after
{Heap after GC invocations=4 (full 0):
 garbage-first heap   total reserved 4007936K, committed 251904K, used 29218K [0x000000070b600000, 0x0000000800000000)
  region size 2048K, 1 young (2048K), 1 survivors (2048K)
 Metaspace       used 21107K, committed 21504K, reserved 1114112K
  class space    used 2539K, committed 2752K, reserved 1048576K
}
Event: 36.330 GC heap before
{Heap before GC invocations=5 (full 0):
 garbage-first heap   total reserved 4007936K, committed 102400K, used 98850K [0x000000070b600000, 0x0000000800000000)
  region size 2048K, 36 young (73728K), 1 survivors (2048K)
 Metaspace       used 28839K, committed 29312K, reserved 1114112K
  class space    used 3677K, committed 3904K, reserved 1048576K
}
Event: 36.334 GC heap after
{Heap after GC invocations=6 (full 0):
 garbage-first heap   total reserved 4007936K, committed 106496K, used 31475K [0x000000070b600000, 0x0000000800000000)
  region size 2048K, 2 young (4096K), 2 survivors (4096K)
 Metaspace       used 28839K, committed 29312K, reserved 1114112K
  class space    used 3677K, committed 3904K, reserved 1048576K
}

Dll operation events (20 events):
Event: 34.120 Loaded shared library D:\qqÎÄ¼þ\aicarÊ¡Èü°æ1\aicar\ai car2\ai car2\ai car\javafx-sdk-17.0.14\bin\api-ms-win-crt-process-l1-1-0.dll
Event: 34.123 Loaded shared library D:\qqÎÄ¼þ\aicarÊ¡Èü°æ1\aicar\ai car2\ai car2\ai car\javafx-sdk-17.0.14\bin\api-ms-win-crt-runtime-l1-1-0.dll
Event: 34.125 Loaded shared library D:\qqÎÄ¼þ\aicarÊ¡Èü°æ1\aicar\ai car2\ai car2\ai car\javafx-sdk-17.0.14\bin\api-ms-win-crt-stdio-l1-1-0.dll
Event: 34.127 Loaded shared library D:\qqÎÄ¼þ\aicarÊ¡Èü°æ1\aicar\ai car2\ai car2\ai car\javafx-sdk-17.0.14\bin\api-ms-win-crt-string-l1-1-0.dll
Event: 34.129 Loaded shared library D:\qqÎÄ¼þ\aicarÊ¡Èü°æ1\aicar\ai car2\ai car2\ai car\javafx-sdk-17.0.14\bin\api-ms-win-crt-time-l1-1-0.dll
Event: 34.132 Loaded shared library D:\qqÎÄ¼þ\aicarÊ¡Èü°æ1\aicar\ai car2\ai car2\ai car\javafx-sdk-17.0.14\bin\api-ms-win-crt-utility-l1-1-0.dll
Event: 34.141 Loaded shared library D:\qqÎÄ¼þ\aicarÊ¡Èü°æ1\aicar\ai car2\ai car2\ai car\javafx-sdk-17.0.14\bin\ucrtbase.dll
Event: 34.145 Loaded shared library D:\qqÎÄ¼þ\aicarÊ¡Èü°æ1\aicar\ai car2\ai car2\ai car\javafx-sdk-17.0.14\bin\vcruntime140.dll
Event: 34.147 Loaded shared library D:\qqÎÄ¼þ\aicarÊ¡Èü°æ1\aicar\ai car2\ai car2\ai car\javafx-sdk-17.0.14\bin\vcruntime140_1.dll
Event: 34.154 Loaded shared library D:\qqÎÄ¼þ\aicarÊ¡Èü°æ1\aicar\ai car2\ai car2\ai car\javafx-sdk-17.0.14\bin\msvcp140.dll
Event: 34.158 Loaded shared library D:\qqÎÄ¼þ\aicarÊ¡Èü°æ1\aicar\ai car2\ai car2\ai car\javafx-sdk-17.0.14\bin\msvcp140_1.dll
Event: 34.165 Loaded shared library D:\qqÎÄ¼þ\aicarÊ¡Èü°æ1\aicar\ai car2\ai car2\ai car\javafx-sdk-17.0.14\bin\msvcp140_2.dll
Event: 34.232 Loaded shared library D:\qqÎÄ¼þ\aicarÊ¡Èü°æ1\aicar\ai car2\ai car2\ai car\javafx-sdk-17.0.14\bin\prism_d3d.dll
Event: 34.296 Loaded shared library D:\qqÎÄ¼þ\aicarÊ¡Èü°æ1\aicar\ai car2\ai car2\ai car\javafx-sdk-17.0.14\bin\glass.dll
Event: 34.636 Loaded shared library D:\qqÎÄ¼þ\aicarÊ¡Èü°æ1\aicar\ai car2\ai car2\ai car\javafx-sdk-17.0.14\bin\jfxwebkit.dll
Event: 34.846 Loaded shared library D:\qqÎÄ¼þ\aicarÊ¡Èü°æ1\aicar\ai car2\ai car2\ai car\javafx-sdk-17.0.14\bin\javafx_font.dll
Event: 35.605 Loaded shared library C:\Users\ÂóÕñÍþ\.jdks\openjdk-23.0.1\bin\sunmscapi.dll
Event: 35.895 Loaded shared library D:\qqÎÄ¼þ\aicarÊ¡Èü°æ1\aicar\ai car2\ai car2\ai car\javafx-sdk-17.0.14\bin\glib-lite.dll
Event: 35.907 Loaded shared library D:\qqÎÄ¼þ\aicarÊ¡Èü°æ1\aicar\ai car2\ai car2\ai car\javafx-sdk-17.0.14\bin\gstreamer-lite.dll
Event: 35.914 Loaded shared library D:\qqÎÄ¼þ\aicarÊ¡Èü°æ1\aicar\ai car2\ai car2\ai car\javafx-sdk-17.0.14\bin\jfxmedia.dll

Deoptimization events (20 events):
Event: 36.783 Thread 0x0000013a08db7da0 DEOPT PACKING pc=0x00000139983a9613 sp=0x0000000a518fe470
Event: 36.783 Thread 0x0000013a08db7da0 DEOPT UNPACKING pc=0x000001399f1a84c2 sp=0x0000000a518fd8a0 mode 0
Event: 36.783 Thread 0x0000013a08db7da0 DEOPT PACKING pc=0x00000139983a9613 sp=0x0000000a518fe470
Event: 36.783 Thread 0x0000013a08db7da0 DEOPT UNPACKING pc=0x000001399f1a84c2 sp=0x0000000a518fd8a0 mode 0
Event: 36.784 Thread 0x0000013a08db7da0 Uncommon trap: trap_request=0xffffffde fr.pc=0x000001399f9b982c relative=0x000000000000008c
Event: 36.784 Thread 0x0000013a08db7da0 Uncommon trap: reason=class_check action=maybe_recompile pc=0x000001399f9b982c method=java.nio.ByteBuffer.limit(I)Ljava/nio/Buffer; @ 2 c2
Event: 36.784 Thread 0x0000013a08db7da0 DEOPT PACKING pc=0x000001399f9b982c sp=0x0000000a518fe1e0
Event: 36.784 Thread 0x0000013a08db7da0 DEOPT UNPACKING pc=0x000001399f1a7982 sp=0x0000000a518fe178 mode 2
Event: 36.784 Thread 0x0000013a08db7da0 Uncommon trap: trap_request=0xffffffde fr.pc=0x000001399f9b9518 relative=0x0000000000000078
Event: 36.784 Thread 0x0000013a08db7da0 Uncommon trap: reason=class_check action=maybe_recompile pc=0x000001399f9b9518 method=java.nio.ByteBuffer.position(I)Ljava/nio/Buffer; @ 2 c2
Event: 36.784 Thread 0x0000013a08db7da0 DEOPT PACKING pc=0x000001399f9b9518 sp=0x0000000a518fe1e0
Event: 36.784 Thread 0x0000013a08db7da0 DEOPT UNPACKING pc=0x000001399f1a7982 sp=0x0000000a518fe178 mode 2
Event: 36.785 Thread 0x0000013a08db7da0 DEOPT PACKING pc=0x00000139983a9613 sp=0x0000000a518fe470
Event: 36.785 Thread 0x0000013a08db7da0 DEOPT UNPACKING pc=0x000001399f1a84c2 sp=0x0000000a518fd8a0 mode 0
Event: 36.812 Thread 0x0000013a08db7da0 DEOPT PACKING pc=0x00000139983ee950 sp=0x0000000a518fe4a0
Event: 36.812 Thread 0x0000013a08db7da0 DEOPT UNPACKING pc=0x000001399f1a84c2 sp=0x0000000a518fd990 mode 0
Event: 37.028 Thread 0x00000139af79c060 Uncommon trap: trap_request=0xffffff45 fr.pc=0x000001399fa09524 relative=0x00000000000002c4
Event: 37.028 Thread 0x00000139af79c060 Uncommon trap: reason=unstable_if action=reinterpret pc=0x000001399fa09524 method=sun.awt.windows.WWindowPeer.preprocessPostEvent(Ljava/awt/AWTEvent;)V @ 4 c2
Event: 37.028 Thread 0x00000139af79c060 DEOPT PACKING pc=0x000001399fa09524 sp=0x0000000a4c0fc420
Event: 37.028 Thread 0x00000139af79c060 DEOPT UNPACKING pc=0x000001399f1a7982 sp=0x0000000a4c0fc370 mode 2

Classes loaded (20 events):
Event: 36.762 Loading class java/util/zip/CheckedInputStream done
Event: 36.762 Loading class java/util/TreeMap$TreeMapSpliterator
Event: 36.762 Loading class java/util/TreeMap$TreeMapSpliterator done
Event: 36.762 Loading class java/util/TreeMap$EntrySpliterator done
Event: 36.762 Loading class java/lang/invoke/VarHandleBytes$FieldInstanceReadWrite
Event: 36.763 Loading class java/lang/invoke/VarHandleBytes$FieldInstanceReadOnly
Event: 36.763 Loading class java/lang/invoke/VarHandleBytes$FieldInstanceReadOnly done
Event: 36.763 Loading class java/lang/invoke/VarHandleBytes$FieldInstanceReadWrite done
Event: 36.773 Loading class java/util/concurrent/CompletableFuture$BiApply
Event: 36.774 Loading class java/util/concurrent/CompletableFuture$BiApply done
Event: 36.774 Loading class java/nio/HeapByteBufferR
Event: 36.775 Loading class java/nio/HeapByteBufferR done
Event: 36.837 Loading class java/util/zip/GZIPInputStream$1
Event: 36.838 Loading class java/util/zip/GZIPInputStream$1 done
Event: 37.094 Loading class java/lang/Throwable$WrappedPrintStream
Event: 37.094 Loading class java/lang/Throwable$PrintStreamOrWriter
Event: 37.094 Loading class java/lang/Throwable$PrintStreamOrWriter done
Event: 37.094 Loading class java/lang/Throwable$WrappedPrintStream done
Event: 37.095 Loading class java/lang/StackTraceElement$HashedModules
Event: 37.095 Loading class java/lang/StackTraceElement$HashedModules done

Classes unloaded (0 events):
No events

Classes redefined (0 events):
No events

Internal exceptions (20 events):
Event: 36.025 Thread 0x0000013a02002f80 Exception <a 'java/lang/NoSuchMethodError'{0x00000007105e0598}: 'long java.lang.invoke.DirectMethodHandle$Holder.invokeStatic(java.lang.Object, java.lang.Object, java.lang.Object)'> (0x00000007105e0598) 
thrown [s\open\src\hotspot\share\interpreter\linkResolver.cpp, line 796]
Event: 36.026 Thread 0x0000013a02002f80 Exception <a 'java/lang/NoSuchMethodError'{0x00000007105e3980}: 'long java.lang.invoke.DirectMethodHandle$Holder.invokeStaticInit(java.lang.Object, java.lang.Object, java.lang.Object)'> (0x00000007105e3980) 
thrown [s\open\src\hotspot\share\interpreter\linkResolver.cpp, line 796]
Event: 36.029 Thread 0x0000013a02002f80 Exception <a 'java/lang/NoSuchMethodError'{0x00000007105f86e8}: 'java.lang.Object java.lang.invoke.DirectMethodHandle$Holder.newInvokeSpecial(java.lang.Object, java.lang.Object, long)'> (0x00000007105f86e8) 
thrown [s\open\src\hotspot\share\interpreter\linkResolver.cpp, line 796]
Event: 36.029 Thread 0x0000013a02002f80 Exception <a 'java/lang/NoSuchMethodError'{0x00000007105fc018}: 'java.lang.Object java.lang.invoke.Invokers$Holder.linkToTargetMethod(java.lang.Object, long, java.lang.Object)'> (0x00000007105fc018) 
thrown [s\open\src\hotspot\share\interpreter\linkResolver.cpp, line 796]
Event: 36.046 Thread 0x0000013a02002f80 Exception <a 'java/lang/NoSuchMethodError'{0x0000000710263d48}: 'java.lang.Object java.lang.invoke.DirectMethodHandle$Holder.invokeSpecial(java.lang.Object, java.lang.Object, int, int, int, int)'> (0x0000000710263d48) 
thrown [s\open\src\hotspot\share\interpreter\linkResolver.cpp, line 796]
Event: 36.046 Thread 0x0000013a02002f80 Exception <a 'java/lang/NoSuchMethodError'{0x0000000710267120}: 'java.lang.Object java.lang.invoke.Invokers$Holder.linkToTargetMethod(int, int, int, int, java.lang.Object)'> (0x0000000710267120) 
thrown [s\open\src\hotspot\share\interpreter\linkResolver.cpp, line 796]
Event: 36.090 Thread 0x0000013a08dbb8b0 Exception <a 'sun/nio/fs/WindowsException'{0x000000071037a0a0}> (0x000000071037a0a0) 
thrown [s\open\src\hotspot\share\prims\jni.cpp, line 520]
Event: 36.175 Thread 0x0000013a02002f80 Exception <a 'java/lang/NoSuchMethodError'{0x000000070eaff0d0}: 'void java.lang.invoke.DirectMethodHandle$Holder.invokeSpecial(java.lang.Object, java.lang.Object, double)'> (0x000000070eaff0d0) 
thrown [s\open\src\hotspot\share\interpreter\linkResolver.cpp, line 796]
Event: 36.175 Thread 0x0000013a02002f80 Exception <a 'java/lang/NoSuchMethodError'{0x000000070eb78560}: 'java.lang.Object java.lang.invoke.DirectMethodHandle$Holder.newInvokeSpecial(java.lang.Object, java.lang.Object, double)'> (0x000000070eb78560) 
thrown [s\open\src\hotspot\share\interpreter\linkResolver.cpp, line 796]
Event: 36.245 Thread 0x0000013a08db7da0 Exception <a 'java/lang/NoSuchMethodError'{0x000000070ebc7480}: 'java.lang.Object java.lang.invoke.DirectMethodHandle$Holder.invokeSpecial(java.lang.Object, java.lang.Object, java.lang.Object, java.lang.Object, int)'> (0x000000070ebc7480) 
thrown [s\open\src\hotspot\share\interpreter\linkResolver.cpp, line 796]
Event: 36.245 Thread 0x0000013a08db7da0 Exception <a 'java/lang/NoSuchMethodError'{0x000000070ebca920}: 'java.lang.Object java.lang.invoke.Invokers$Holder.linkToTargetMethod(java.lang.Object, java.lang.Object, int, java.lang.Object)'> (0x000000070ebca920) 
thrown [s\open\src\hotspot\share\interpreter\linkResolver.cpp, line 796]
Event: 36.277 Thread 0x0000013a08db7da0 Exception <a 'java/lang/NoSuchMethodError'{0x000000070e8b3ff8}: 'void java.lang.invoke.DirectMethodHandle$Holder.invokeSpecial(java.lang.Object, java.lang.Object, java.lang.Object, java.lang.Object, java.lang.Object, java.lang.Object)'> (0x000000070e8b3ff8) 
thrown [s\open\src\hotspot\share\interpreter\linkResolver.cpp, line 796]
Event: 36.283 Thread 0x0000013a08dbb220 Exception <a 'java/lang/NoSuchMethodError'{0x0000000710f507d8}: 'int java.lang.invoke.DirectMethodHandle$Holder.invokeStatic(java.lang.Object, int, java.lang.Object)'> (0x0000000710f507d8) 
thrown [s\open\src\hotspot\share\interpreter\linkResolver.cpp, line 796]
Event: 36.284 Thread 0x0000013a08dbb220 Exception <a 'java/lang/NoSuchMethodError'{0x0000000710f58b70}: 'void java.lang.invoke.DirectMethodHandle$Holder.invokeStatic(java.lang.Object, java.lang.Object, int)'> (0x0000000710f58b70) 
thrown [s\open\src\hotspot\share\interpreter\linkResolver.cpp, line 796]
Event: 36.289 Thread 0x0000013a08db7da0 Exception <a 'java/lang/NoSuchMethodError'{0x000000070e8d44c0}: 'void java.lang.invoke.DirectMethodHandle$Holder.invokeInterface(java.lang.Object, java.lang.Object, java.lang.Object)'> (0x000000070e8d44c0) 
thrown [s\open\src\hotspot\share\interpreter\linkResolver.cpp, line 796]
Event: 36.450 Thread 0x0000013a08db7da0 Exception <a 'java/lang/NoSuchMethodError'{0x0000000711065b48}: 'void java.lang.invoke.DirectMethodHandle$Holder.invokeInterface(java.lang.Object, java.lang.Object)'> (0x0000000711065b48) 
thrown [s\open\src\hotspot\share\interpreter\linkResolver.cpp, line 796]
Event: 36.512 Thread 0x0000013a08db7da0 Exception <a 'java/lang/NoSuchMethodError'{0x00000007111a60e0}: 'void java.lang.invoke.DirectMethodHandle$Holder.invokeStaticInit(java.lang.Object, java.lang.Object, java.lang.Object)'> (0x00000007111a60e0) 
thrown [s\open\src\hotspot\share\interpreter\linkResolver.cpp, line 796]
Event: 36.764 Thread 0x0000013a08db7da0 Exception <a 'java/lang/NoSuchMethodError'{0x0000000710be1498}: 'java.lang.Object java.lang.invoke.DirectMethodHandle$Holder.newInvokeSpecial(java.lang.Object, java.lang.Object, long, java.lang.Object, java.lang.Object, java.lang.Object)'> (0x0000000710be1498) 
thrown [s\open\src\hotspot\share\interpreter\linkResolver.cpp, line 796]
Event: 36.765 Thread 0x0000013a08db7da0 Exception <a 'java/lang/NoSuchMethodError'{0x0000000710be8ec8}: 'java.lang.Object java.lang.invoke.Invokers$Holder.linkToTargetMethod(java.lang.Object, long, java.lang.Object, java.lang.Object, java.lang.Object, java.lang.Object)'> (0x0000000710be8ec8) 
thrown [s\open\src\hotspot\share\interpreter\linkResolver.cpp, line 796]
Event: 36.770 Thread 0x0000013a08db7da0 Exception <a 'java/lang/NoSuchMethodError'{0x0000000710bf8dd0}: 'void java.lang.invoke.DirectMethodHandle$Holder.invokeSpecial(java.lang.Object, java.lang.Object, java.lang.Object, java.lang.Object, java.lang.Object, java.lang.Object, java.lang.Object)'> (0x0000000710bf8dd0) 
thrown [s\open\src\hotspot\share\interpreter\linkResolver.cpp, line 796]

VM Operations (20 events):
Event: 35.401 Executing VM operation: G1PauseRemark
Event: 35.407 Executing VM operation: G1PauseRemark done
Event: 35.409 Executing VM operation: G1PauseCleanup
Event: 35.415 Executing VM operation: G1PauseCleanup done
Event: 35.467 Executing VM operation: HandshakeAllThreads (Deoptimize)
Event: 35.467 Executing VM operation: HandshakeAllThreads (Deoptimize) done
Event: 35.549 Executing VM operation: HandshakeAllThreads (Deoptimize)
Event: 35.549 Executing VM operation: HandshakeAllThreads (Deoptimize) done
Event: 35.653 Executing VM operation: HandshakeAllThreads (Deoptimize)
Event: 35.653 Executing VM operation: HandshakeAllThreads (Deoptimize) done
Event: 35.665 Executing VM operation: HandshakeAllThreads (Deoptimize)
Event: 35.665 Executing VM operation: HandshakeAllThreads (Deoptimize) done
Event: 35.822 Executing VM operation: HandshakeAllThreads (Deoptimize)
Event: 35.822 Executing VM operation: HandshakeAllThreads (Deoptimize) done
Event: 36.305 Executing VM operation: HandshakeAllThreads (Deoptimize)
Event: 36.305 Executing VM operation: HandshakeAllThreads (Deoptimize) done
Event: 36.330 Executing VM operation: G1CollectForAllocation (G1 Evacuation Pause)
Event: 36.334 Executing VM operation: G1CollectForAllocation (G1 Evacuation Pause) done
Event: 36.777 Executing VM operation: HandshakeAllThreads (Deoptimize)
Event: 36.777 Executing VM operation: HandshakeAllThreads (Deoptimize) done

Memory protections (0 events):
No events

Nmethod flushes (0 events):
No events

Events (20 events):
Event: 37.058 Thread 0x0000013a21f9e370 Thread exited: 0x0000013a21f9e370
Event: 37.058 Thread 0x0000013a21f9e370 Thread added: 0x0000013a21f9e370
Event: 37.058 Thread 0x0000013a21f9e370 Thread exited: 0x0000013a21f9e370
Event: 37.058 Thread 0x0000013a21f9f090 Thread added: 0x0000013a21f9f090
Event: 37.058 Thread 0x0000013a21f9f090 Thread exited: 0x0000013a21f9f090
Event: 37.058 Thread 0x0000013a21f9fdb0 Thread added: 0x0000013a21f9fdb0
Event: 37.059 Thread 0x0000013a21f9fdb0 Thread exited: 0x0000013a21f9fdb0
Event: 37.059 Thread 0x0000013a21f9f090 Thread added: 0x0000013a21f9f090
Event: 37.059 Thread 0x0000013a21f9f090 Thread exited: 0x0000013a21f9f090
Event: 37.059 Thread 0x0000013a21f9e370 Thread added: 0x0000013a21f9e370
Event: 37.059 Thread 0x0000013a21f9e370 Thread exited: 0x0000013a21f9e370
Event: 37.059 Thread 0x0000013a21fa0440 Thread added: 0x0000013a21fa0440
Event: 37.059 Thread 0x0000013a21fa0440 Thread exited: 0x0000013a21fa0440
Event: 37.059 Thread 0x0000013a21f9e370 Thread added: 0x0000013a21f9e370
Event: 37.059 Thread 0x0000013a21f9e370 Thread exited: 0x0000013a21f9e370
Event: 37.071 Thread 0x0000013a02002260 Thread exited: 0x0000013a02002260
Event: 37.087 Thread 0x00000139af79c060 Thread exited: 0x00000139af79c060
Event: 37.092 Thread 0x0000013a21f9e370 Thread added: 0x0000013a21f9e370
Event: 37.092 Thread 0x0000013a21f9e370 Thread exited: 0x0000013a21f9e370
Event: 37.095 Thread 0x0000013a04807e40 Thread exited: 0x0000013a04807e40


Dynamic libraries:
0x00007ff6662b0000 - 0x00007ff6662be000 	C:\Users\ÂóÕñÍþ\.jdks\openjdk-23.0.1\bin\java.exe
0x00007ffa82c50000 - 0x00007ffa82e67000 	C:\Windows\SYSTEM32\ntdll.dll
0x00007ffa81330000 - 0x00007ffa813f4000 	C:\Windows\System32\KERNEL32.DLL
0x00007ffa80270000 - 0x00007ffa8062a000 	C:\Windows\System32\KERNELBASE.dll
0x00007ffa807f0000 - 0x00007ffa80901000 	C:\Windows\System32\ucrtbase.dll
0x00007ffa79ad0000 - 0x00007ffa79ae7000 	C:\Users\ÂóÕñÍþ\.jdks\openjdk-23.0.1\bin\jli.dll
0x00007ffa79b70000 - 0x00007ffa79b8b000 	C:\Users\ÂóÕñÍþ\.jdks\openjdk-23.0.1\bin\VCRUNTIME140.dll
0x00007ffa82930000 - 0x00007ffa82ade000 	C:\Windows\System32\USER32.dll
0x00007ffa7ff90000 - 0x00007ffa7ffb6000 	C:\Windows\System32\win32u.dll
0x00007ffa6c9e0000 - 0x00007ffa6cc72000 	C:\Windows\WinSxS\amd64_microsoft.windows.common-controls_6595b64144ccf1df_6.0.22621.4541_none_2710d1c57384c085\COMCTL32.dll
0x00007ffa822a0000 - 0x00007ffa822c9000 	C:\Windows\System32\GDI32.dll
0x00007ffa81530000 - 0x00007ffa815d7000 	C:\Windows\System32\msvcrt.dll
0x00007ffa806d0000 - 0x00007ffa807eb000 	C:\Windows\System32\gdi32full.dll
0x00007ffa80630000 - 0x00007ffa806ca000 	C:\Windows\System32\msvcp_win.dll
0x00007ffa815e0000 - 0x00007ffa81611000 	C:\Windows\System32\IMM32.DLL
0x00007ffa79ac0000 - 0x00007ffa79acc000 	C:\Users\ÂóÕñÍþ\.jdks\openjdk-23.0.1\bin\vcruntime140_1.dll
0x00007ffa685d0000 - 0x00007ffa6865e000 	C:\Users\ÂóÕñÍþ\.jdks\openjdk-23.0.1\bin\msvcp140.dll
0x00007ff9e6f30000 - 0x00007ff9e7c7f000 	C:\Users\ÂóÕñÍþ\.jdks\openjdk-23.0.1\bin\server\jvm.dll
0x00007ffa82870000 - 0x00007ffa82922000 	C:\Windows\System32\ADVAPI32.dll
0x00007ffa82ae0000 - 0x00007ffa82b87000 	C:\Windows\System32\sechost.dll
0x00007ffa80910000 - 0x00007ffa80938000 	C:\Windows\System32\bcrypt.dll
0x00007ffa80bb0000 - 0x00007ffa80cc4000 	C:\Windows\System32\RPCRT4.dll
0x00007ffa82b90000 - 0x00007ffa82c01000 	C:\Windows\System32\WS2_32.dll
0x00007ffa7eda0000 - 0x00007ffa7eded000 	C:\Windows\SYSTEM32\POWRPROF.dll
0x00007ffa7a7e0000 - 0x00007ffa7a814000 	C:\Windows\SYSTEM32\WINMM.dll
0x00007ffa78080000 - 0x00007ffa7808a000 	C:\Windows\SYSTEM32\VERSION.dll
0x00007ffa7ed80000 - 0x00007ffa7ed93000 	C:\Windows\SYSTEM32\UMPDC.dll
0x00007ffa7f040000 - 0x00007ffa7f058000 	C:\Windows\SYSTEM32\kernel.appcore.dll
0x00007ffa79ab0000 - 0x00007ffa79aba000 	C:\Users\ÂóÕñÍþ\.jdks\openjdk-23.0.1\bin\jimage.dll
0x00007ffa7d010000 - 0x00007ffa7d242000 	C:\Windows\SYSTEM32\DBGHELP.DLL
0x00007ffa824d0000 - 0x00007ffa82861000 	C:\Windows\System32\combase.dll
0x00007ffa821c0000 - 0x00007ffa82297000 	C:\Windows\System32\OLEAUT32.dll
0x00007ffa66660000 - 0x00007ffa66692000 	C:\Windows\SYSTEM32\dbgcore.DLL
0x00007ffa80130000 - 0x00007ffa801ab000 	C:\Windows\System32\bcryptPrimitives.dll
0x00007ffa79a40000 - 0x00007ffa79a4f000 	C:\Users\ÂóÕñÍþ\.jdks\openjdk-23.0.1\bin\instrument.dll
0x00007ffa79a90000 - 0x00007ffa79aae000 	C:\Users\ÂóÕñÍþ\.jdks\openjdk-23.0.1\bin\java.dll
0x00007ffa81740000 - 0x00007ffa818e5000 	C:\Windows\System32\ole32.dll
0x00007ffa818f0000 - 0x00007ffa82169000 	C:\Windows\System32\SHELL32.dll
0x00007ffa7de60000 - 0x00007ffa7e769000 	C:\Windows\SYSTEM32\windows.storage.dll
0x00007ffa7dd20000 - 0x00007ffa7de5f000 	C:\Windows\SYSTEM32\wintypes.dll
0x00007ffa80950000 - 0x00007ffa80a4a000 	C:\Windows\System32\SHCORE.dll
0x00007ffa80b50000 - 0x00007ffa80bae000 	C:\Windows\System32\shlwapi.dll
0x00007ffa7fe40000 - 0x00007ffa7fe6b000 	C:\Windows\SYSTEM32\profapi.dll
0x00007ffa66100000 - 0x00007ffa661d7000 	C:\Users\ÂóÕñÍþ\.jdks\openjdk-23.0.1\bin\jsvml.dll
0x00007ffa68570000 - 0x00007ffa68587000 	C:\Users\ÂóÕñÍþ\.jdks\openjdk-23.0.1\bin\zip.dll
0x00007ffa79a20000 - 0x00007ffa79a30000 	C:\Users\ÂóÕñÍþ\.jdks\openjdk-23.0.1\bin\net.dll
0x00007ffa7f4c0000 - 0x00007ffa7f529000 	C:\Windows\system32\mswsock.dll
0x00007ffa685b0000 - 0x00007ffa685c6000 	C:\Users\ÂóÕñÍþ\.jdks\openjdk-23.0.1\bin\nio.dll
0x00007ffa79a10000 - 0x00007ffa79a19000 	C:\Users\ÂóÕñÍþ\.jdks\openjdk-23.0.1\bin\extnet.dll
0x00007ff9df500000 - 0x00007ff9df68d000 	C:\Users\ÂóÕñÍþ\.jdks\openjdk-23.0.1\bin\awt.dll
0x00007ffa7a3a0000 - 0x00007ffa7a437000 	C:\Windows\SYSTEM32\apphelp.dll
0x00007ffa7c500000 - 0x00007ffa7c5b1000 	C:\Windows\system32\uxtheme.dll
0x00007ffa822e0000 - 0x00007ffa82441000 	C:\Windows\System32\MSCTF.dll
0x00007ffa7c650000 - 0x00007ffa7c67b000 	C:\Windows\system32\DWMAPI.DLL
0x00007ffa4a4c0000 - 0x00007ffa4a5c0000 	C:\Windows\system32\opengl32.dll
0x00007ffa4a490000 - 0x00007ffa4a4bd000 	C:\Windows\SYSTEM32\GLU32.dll
0x00007ffa7d640000 - 0x00007ffa7d677000 	C:\Windows\SYSTEM32\dxcore.dll
0x00007ffa4f180000 - 0x00007ffa4f328000 	C:\Windows\system32\d3d9.dll
0x00007ffa7d4b0000 - 0x00007ffa7d5a7000 	C:\Windows\SYSTEM32\dxgi.dll
0x00007ffa77780000 - 0x00007ffa777c9000 	C:\Windows\SYSTEM32\directxdatabasehelper.dll
0x00007ffa493f0000 - 0x00007ffa49839000 	C:\Windows\System32\uiautomationcore.dll
0x00007ffa6c8c0000 - 0x00007ffa6c929000 	C:\Windows\System32\OLEACC.dll
0x00007ffa81480000 - 0x00007ffa81530000 	C:\Windows\System32\clbcatq.dll
0x00007ffa66070000 - 0x00007ffa660f7000 	C:\Users\ÂóÕñÍþ\.jdks\openjdk-23.0.1\bin\freetype.dll
0x00007ffa4a170000 - 0x00007ffa4a247000 	C:\Users\ÂóÕñÍþ\.jdks\openjdk-23.0.1\bin\fontmanager.dll
0x00007ffa7c2d0000 - 0x00007ffa7c480000 	C:\Windows\SYSTEM32\WindowsCodecs.dll
0x00007ffa524c0000 - 0x00007ffa5251e000 	C:\Windows\system32\dataexchange.dll
0x00007ffa7abb0000 - 0x00007ffa7ae54000 	C:\Windows\system32\twinapi.appcore.dll
0x00007ffa69680000 - 0x00007ffa697c5000 	C:\Windows\SYSTEM32\textinputframework.dll
0x00007ffa60be0000 - 0x00007ffa60bf5000 	C:\Windows\System32\threadpoolwinrt.dll
0x00007ffa798a0000 - 0x00007ffa799d3000 	C:\Windows\SYSTEM32\CoreMessaging.dll
0x00007ffa769c0000 - 0x00007ffa76d2d000 	C:\Windows\SYSTEM32\CoreUIComponents.dll
0x00007ffa7f710000 - 0x00007ffa7f71c000 	C:\Windows\SYSTEM32\CRYPTBASE.DLL
0x00007ffa66290000 - 0x00007ffa662be000 	C:\Users\ÂóÕñÍþ\.jdks\openjdk-23.0.1\bin\javajpeg.dll
0x00007ffa7f720000 - 0x00007ffa7f73b000 	C:\Windows\SYSTEM32\CRYPTSP.dll
0x00007ffa7efa0000 - 0x00007ffa7efd5000 	C:\Windows\system32\rsaenh.dll
0x00007ffa7f5b0000 - 0x00007ffa7f5d8000 	C:\Windows\SYSTEM32\USERENV.dll
0x00007ffa7ea40000 - 0x00007ffa7ea6d000 	C:\Windows\SYSTEM32\IPHLPAPI.DLL
0x00007ffa80a50000 - 0x00007ffa80a59000 	C:\Windows\System32\NSI.dll
0x0000013a03430000 - 0x0000013a03433000 	D:\qqÎÄ¼þ\aicarÊ¡Èü°æ1\aicar\ai car2\ai car2\ai car\javafx-sdk-17.0.14\bin\api-ms-win-core-console-l1-1-0.dll
0x0000013a03480000 - 0x0000013a03483000 	D:\qqÎÄ¼þ\aicarÊ¡Èü°æ1\aicar\ai car2\ai car2\ai car\javafx-sdk-17.0.14\bin\api-ms-win-core-console-l1-2-0.dll
0x0000013a03490000 - 0x0000013a03493000 	D:\qqÎÄ¼þ\aicarÊ¡Èü°æ1\aicar\ai car2\ai car2\ai car\javafx-sdk-17.0.14\bin\api-ms-win-core-datetime-l1-1-0.dll
0x0000013a034a0000 - 0x0000013a034a3000 	D:\qqÎÄ¼þ\aicarÊ¡Èü°æ1\aicar\ai car2\ai car2\ai car\javafx-sdk-17.0.14\bin\api-ms-win-core-debug-l1-1-0.dll
0x0000013a034b0000 - 0x0000013a034b3000 	D:\qqÎÄ¼þ\aicarÊ¡Èü°æ1\aicar\ai car2\ai car2\ai car\javafx-sdk-17.0.14\bin\api-ms-win-core-errorhandling-l1-1-0.dll
0x0000013a034c0000 - 0x0000013a034c4000 	D:\qqÎÄ¼þ\aicarÊ¡Èü°æ1\aicar\ai car2\ai car2\ai car\javafx-sdk-17.0.14\bin\api-ms-win-core-file-l1-1-0.dll
0x0000013a034d0000 - 0x0000013a034d3000 	D:\qqÎÄ¼þ\aicarÊ¡Èü°æ1\aicar\ai car2\ai car2\ai car\javafx-sdk-17.0.14\bin\api-ms-win-core-file-l1-2-0.dll
0x0000013a034e0000 - 0x0000013a034e3000 	D:\qqÎÄ¼þ\aicarÊ¡Èü°æ1\aicar\ai car2\ai car2\ai car\javafx-sdk-17.0.14\bin\api-ms-win-core-file-l2-1-0.dll
0x0000013a034f0000 - 0x0000013a034f3000 	D:\qqÎÄ¼þ\aicarÊ¡Èü°æ1\aicar\ai car2\ai car2\ai car\javafx-sdk-17.0.14\bin\api-ms-win-core-handle-l1-1-0.dll
0x0000013a03500000 - 0x0000013a03503000 	D:\qqÎÄ¼þ\aicarÊ¡Èü°æ1\aicar\ai car2\ai car2\ai car\javafx-sdk-17.0.14\bin\api-ms-win-core-heap-l1-1-0.dll
0x0000013a03510000 - 0x0000013a03513000 	D:\qqÎÄ¼þ\aicarÊ¡Èü°æ1\aicar\ai car2\ai car2\ai car\javafx-sdk-17.0.14\bin\api-ms-win-core-interlocked-l1-1-0.dll
0x0000013a03520000 - 0x0000013a03523000 	D:\qqÎÄ¼þ\aicarÊ¡Èü°æ1\aicar\ai car2\ai car2\ai car\javafx-sdk-17.0.14\bin\api-ms-win-core-libraryloader-l1-1-0.dll
0x0000013a03530000 - 0x0000013a03533000 	D:\qqÎÄ¼þ\aicarÊ¡Èü°æ1\aicar\ai car2\ai car2\ai car\javafx-sdk-17.0.14\bin\api-ms-win-core-localization-l1-2-0.dll
0x0000013a03540000 - 0x0000013a03543000 	D:\qqÎÄ¼þ\aicarÊ¡Èü°æ1\aicar\ai car2\ai car2\ai car\javafx-sdk-17.0.14\bin\api-ms-win-core-memory-l1-1-0.dll
0x0000013a03550000 - 0x0000013a03553000 	D:\qqÎÄ¼þ\aicarÊ¡Èü°æ1\aicar\ai car2\ai car2\ai car\javafx-sdk-17.0.14\bin\api-ms-win-core-namedpipe-l1-1-0.dll
0x0000013a03560000 - 0x0000013a03563000 	D:\qqÎÄ¼þ\aicarÊ¡Èü°æ1\aicar\ai car2\ai car2\ai car\javafx-sdk-17.0.14\bin\api-ms-win-core-processenvironment-l1-1-0.dll
0x0000013a03570000 - 0x0000013a03573000 	D:\qqÎÄ¼þ\aicarÊ¡Èü°æ1\aicar\ai car2\ai car2\ai car\javafx-sdk-17.0.14\bin\api-ms-win-core-processthreads-l1-1-0.dll
0x0000013a03580000 - 0x0000013a03583000 	D:\qqÎÄ¼þ\aicarÊ¡Èü°æ1\aicar\ai car2\ai car2\ai car\javafx-sdk-17.0.14\bin\api-ms-win-core-processthreads-l1-1-1.dll
0x0000013a03590000 - 0x0000013a03593000 	D:\qqÎÄ¼þ\aicarÊ¡Èü°æ1\aicar\ai car2\ai car2\ai car\javafx-sdk-17.0.14\bin\api-ms-win-core-profile-l1-1-0.dll
0x0000013a035a0000 - 0x0000013a035a3000 	D:\qqÎÄ¼þ\aicarÊ¡Èü°æ1\aicar\ai car2\ai car2\ai car\javafx-sdk-17.0.14\bin\api-ms-win-core-rtlsupport-l1-1-0.dll
0x0000013a035b0000 - 0x0000013a035b3000 	D:\qqÎÄ¼þ\aicarÊ¡Èü°æ1\aicar\ai car2\ai car2\ai car\javafx-sdk-17.0.14\bin\api-ms-win-core-string-l1-1-0.dll
0x0000013a035c0000 - 0x0000013a035c3000 	D:\qqÎÄ¼þ\aicarÊ¡Èü°æ1\aicar\ai car2\ai car2\ai car\javafx-sdk-17.0.14\bin\api-ms-win-core-synch-l1-1-0.dll
0x0000013a035d0000 - 0x0000013a035d3000 	D:\qqÎÄ¼þ\aicarÊ¡Èü°æ1\aicar\ai car2\ai car2\ai car\javafx-sdk-17.0.14\bin\api-ms-win-core-synch-l1-2-0.dll
0x0000013a035e0000 - 0x0000013a035e3000 	D:\qqÎÄ¼þ\aicarÊ¡Èü°æ1\aicar\ai car2\ai car2\ai car\javafx-sdk-17.0.14\bin\api-ms-win-core-sysinfo-l1-1-0.dll
0x0000013a035f0000 - 0x0000013a035f3000 	D:\qqÎÄ¼þ\aicarÊ¡Èü°æ1\aicar\ai car2\ai car2\ai car\javafx-sdk-17.0.14\bin\api-ms-win-core-timezone-l1-1-0.dll
0x0000013a03600000 - 0x0000013a03603000 	D:\qqÎÄ¼þ\aicarÊ¡Èü°æ1\aicar\ai car2\ai car2\ai car\javafx-sdk-17.0.14\bin\api-ms-win-core-util-l1-1-0.dll
0x0000013a03610000 - 0x0000013a03613000 	D:\qqÎÄ¼þ\aicarÊ¡Èü°æ1\aicar\ai car2\ai car2\ai car\javafx-sdk-17.0.14\bin\api-ms-win-crt-conio-l1-1-0.dll
0x0000013a03620000 - 0x0000013a03624000 	D:\qqÎÄ¼þ\aicarÊ¡Èü°æ1\aicar\ai car2\ai car2\ai car\javafx-sdk-17.0.14\bin\api-ms-win-crt-convert-l1-1-0.dll
0x0000013a03630000 - 0x0000013a03633000 	D:\qqÎÄ¼þ\aicarÊ¡Èü°æ1\aicar\ai car2\ai car2\ai car\javafx-sdk-17.0.14\bin\api-ms-win-crt-environment-l1-1-0.dll
0x0000013a03640000 - 0x0000013a03643000 	D:\qqÎÄ¼þ\aicarÊ¡Èü°æ1\aicar\ai car2\ai car2\ai car\javafx-sdk-17.0.14\bin\api-ms-win-crt-filesystem-l1-1-0.dll
0x0000013a03650000 - 0x0000013a03653000 	D:\qqÎÄ¼þ\aicarÊ¡Èü°æ1\aicar\ai car2\ai car2\ai car\javafx-sdk-17.0.14\bin\api-ms-win-crt-heap-l1-1-0.dll
0x0000013a03660000 - 0x0000013a03663000 	D:\qqÎÄ¼þ\aicarÊ¡Èü°æ1\aicar\ai car2\ai car2\ai car\javafx-sdk-17.0.14\bin\api-ms-win-crt-locale-l1-1-0.dll
0x0000013a03670000 - 0x0000013a03675000 	D:\qqÎÄ¼þ\aicarÊ¡Èü°æ1\aicar\ai car2\ai car2\ai car\javafx-sdk-17.0.14\bin\api-ms-win-crt-math-l1-1-0.dll
0x0000013a03680000 - 0x0000013a03685000 	D:\qqÎÄ¼þ\aicarÊ¡Èü°æ1\aicar\ai car2\ai car2\ai car\javafx-sdk-17.0.14\bin\api-ms-win-crt-multibyte-l1-1-0.dll
0x0000013a03690000 - 0x0000013a036a0000 	D:\qqÎÄ¼þ\aicarÊ¡Èü°æ1\aicar\ai car2\ai car2\ai car\javafx-sdk-17.0.14\bin\api-ms-win-crt-private-l1-1-0.dll
0x0000013a036a0000 - 0x0000013a036a3000 	D:\qqÎÄ¼þ\aicarÊ¡Èü°æ1\aicar\ai car2\ai car2\ai car\javafx-sdk-17.0.14\bin\api-ms-win-crt-process-l1-1-0.dll
0x0000013a036b0000 - 0x0000013a036b4000 	D:\qqÎÄ¼þ\aicarÊ¡Èü°æ1\aicar\ai car2\ai car2\ai car\javafx-sdk-17.0.14\bin\api-ms-win-crt-runtime-l1-1-0.dll
0x0000013a036c0000 - 0x0000013a036c4000 	D:\qqÎÄ¼þ\aicarÊ¡Èü°æ1\aicar\ai car2\ai car2\ai car\javafx-sdk-17.0.14\bin\api-ms-win-crt-stdio-l1-1-0.dll
0x0000013a049a0000 - 0x0000013a049a4000 	D:\qqÎÄ¼þ\aicarÊ¡Èü°æ1\aicar\ai car2\ai car2\ai car\javafx-sdk-17.0.14\bin\api-ms-win-crt-string-l1-1-0.dll
0x0000013a049b0000 - 0x0000013a049b3000 	D:\qqÎÄ¼þ\aicarÊ¡Èü°æ1\aicar\ai car2\ai car2\ai car\javafx-sdk-17.0.14\bin\api-ms-win-crt-time-l1-1-0.dll
0x0000013a049c0000 - 0x0000013a049c3000 	D:\qqÎÄ¼þ\aicarÊ¡Èü°æ1\aicar\ai car2\ai car2\ai car\javafx-sdk-17.0.14\bin\api-ms-win-crt-utility-l1-1-0.dll
0x00007ff9e1060000 - 0x00007ff9e115c000 	D:\qqÎÄ¼þ\aicarÊ¡Èü°æ1\aicar\ai car2\ai car2\ai car\javafx-sdk-17.0.14\bin\ucrtbase.dll
0x00007ffa66270000 - 0x00007ffa6628b000 	D:\qqÎÄ¼þ\aicarÊ¡Èü°æ1\aicar\ai car2\ai car2\ai car\javafx-sdk-17.0.14\bin\vcruntime140.dll
0x00007ffa79a50000 - 0x00007ffa79a5c000 	D:\qqÎÄ¼þ\aicarÊ¡Èü°æ1\aicar\ai car2\ai car2\ai car\javafx-sdk-17.0.14\bin\vcruntime140_1.dll
0x00007ffa4acd0000 - 0x00007ffa4ad5e000 	D:\qqÎÄ¼þ\aicarÊ¡Èü°æ1\aicar\ai car2\ai car2\ai car\javafx-sdk-17.0.14\bin\msvcp140.dll
0x00007ffa66260000 - 0x00007ffa66269000 	D:\qqÎÄ¼þ\aicarÊ¡Èü°æ1\aicar\ai car2\ai car2\ai car\javafx-sdk-17.0.14\bin\msvcp140_1.dll
0x00007ffa502f0000 - 0x00007ffa50331000 	D:\qqÎÄ¼þ\aicarÊ¡Èü°æ1\aicar\ai car2\ai car2\ai car\javafx-sdk-17.0.14\bin\msvcp140_2.dll
0x00007ffa66230000 - 0x00007ffa6625a000 	D:\qqÎÄ¼þ\aicarÊ¡Èü°æ1\aicar\ai car2\ai car2\ai car\javafx-sdk-17.0.14\bin\prism_d3d.dll
0x00007ffa4cbe0000 - 0x00007ffa4cc22000 	D:\qqÎÄ¼þ\aicarÊ¡Èü°æ1\aicar\ai car2\ai car2\ai car\javafx-sdk-17.0.14\bin\glass.dll

dbghelp: loaded successfully - version: 4.0.5 - missing functions: none
symbol engine: initialized successfully - sym options: 0x614 - pdb path: .;C:\Users\ÂóÕñÍþ\.jdks\openjdk-23.0.1\bin;C:\Windows\SYSTEM32;C:\Windows\WinSxS\amd64_microsoft.windows.common-controls_6595b64144ccf1df_6.0.22621.4541_none_2710d1c57384c085;C:\Users\ÂóÕñÍþ\.jdks\openjdk-23.0.1\bin\;C:\Users\ÂóÕñÍþ\.jdks\openjdk-23.0.1\b;C:\Users\ÂóÕñÍþ\.jdks\openjdk-23.0.;C:\Users\ÂóÕñÍþ\.jdks\openjdk-23;C:\Users\ÂóÕñÍþ\.jdks\openjdk;C:\Users\ÂóÕñÍþ\.jdks\open;C:\Users\ÂóÕñÍþ\.jdks\o;C:\Users\ÂóÕñÍþ\.jdk;C:\Users\ÂóÕñÍþ\.jdks\openjdk-23.0.1\bin\server;C:\Windows\System32\DriverStore\FileRepository\u0388471.inf_;C:\Windows\System32\DriverStore\FileRepository\u0388471.inf_;C:\Windows\System32\DriverStore\FileRepository\u0388471.inf_;C:\Windows\System32\DriverStore\FileRepository\u0388471.inf_amd64_b6305c977c4d7709\B386781;D:\qqÎÄ¼þ\aicarÊ¡Èü°æ1\aicar\ai car2\ai;D:\qqÎÄ¼þ\aicarÊ¡Èü°æ1\aicar\ai ca;D:\qqÎÄ¼þ\aicarÊ¡Èü°æ1\aicar\;D:\qqÎÄ¼þ\aicarÊ¡Èü°æ1\a;D:\qqÎÄ¼þ\aicarÊ¡Èü;D:\qqÎÄ¼þ\aicar;D:\qqÎÄ¼þ\aic;D:\qqÎÄ¼þ\a;D:\qqÎÄ¼þ;D:\qqÎÄ;D:\qq?D:\qq?D:\qq?D:\qq?D:\qq?D:\qq?D:\qq?D:\qq?D:\qq?D:\qq?D:\qq?D:\qq?D:\qq?D:\qq?D:\qq?D:\qq?D:\qq?D:\qq?D:\qq?D:\qq?D:\qq?D:\qq?D:\qq?D:\qq?D:\qq?D:\qq?D:\qq?D:\qq?D:\qq?D:\qq?D:\qq?D:\qq?D:\qq?D:\qq?D:\qq?D:\qq?D:\qq?D:\qq?D:\qq?D:\qq?D:\qq?D:\qq?D:\qq?D:\qq?D:\qq?D:\qqÎ

VM Arguments:
jvm_args: --enable-preview -javaagent:C:\Users\ÂóÕñÍþ\Desktop\IntelliJ IDEA 2024.1.1\lib\idea_rt.jar=63973:C:\Users\ÂóÕñÍþ\Desktop\IntelliJ IDEA 2024.1.1\bin -Dfile.encoding=UTF-8 -Dsun.stdout.encoding=UTF-8 -Dsun.stderr.encoding=UTF-8 
java_command: MainDashboard
java_class_path (initial): D:\qqÎÄ¼þ\aicarÊ¡Èü°æ1\aicar\ai car2\ai car2\ai car\out\production\ai car;D:\qqÎÄ¼þ\aicarÊ¡Èü°æ1\aicar\ai car2\ai car2\ai car\src\org.json-1.6-20240205.jar;D:\qqÎÄ¼þ\aicarÊ¡Èü°æ1\aicar\ai car2\ai car2\ai car\javafx-sdk-17.0.14\lib\javafx-swt.jar;D:\qqÎÄ¼þ\aicarÊ¡Èü°æ1\aicar\ai car2\ai car2\ai car\javafx-sdk-17.0.14\lib\javafx.web.jar;D:\qqÎÄ¼þ\aicarÊ¡Èü°æ1\aicar\ai car2\ai car2\ai car\javafx-sdk-17.0.14\lib\javafx.base.jar;D:\qqÎÄ¼þ\aicarÊ¡Èü°æ1\aicar\ai car2\ai car2\ai car\javafx-sdk-17.0.14\lib\javafx.fxml.jar;D:\qqÎÄ¼þ\aicarÊ¡Èü°æ1\aicar\ai car2\ai car2\ai car\javafx-sdk-17.0.14\lib\javafx.media.jar;D:\qqÎÄ¼þ\aicarÊ¡Èü°æ1\aicar\ai car2\ai car2\ai car\javafx-sdk-17.0.14\lib\javafx.swing.jar;D:\qqÎÄ¼þ\aicarÊ¡Èü°æ1\aicar\ai car2\ai car2\ai car\javafx-sdk-17.0.14\lib\javafx.controls.jar;D:\qqÎÄ¼þ\aicarÊ¡Èü°æ1\aicar\ai car2\ai car2\ai car\javafx-sdk-17.0.14\lib\javafx.graphics.jar;C:\Users\ÂóÕñÍþ\Desktop\IntelliJ IDEA 2024.1.1\javafx-sdk-24\lib\javafx-swt.jar;C:\Users\ÂóÕñÍþ\Desktop\IntelliJ IDEA 2024.1.1\javafx-sdk-24\lib\javafx.base.jar;C:\Users\ÂóÕñÍþ\Desktop\IntelliJ IDEA 2024.1.1\javafx-sdk-24\lib\javafx.controls.jar;C:\Users\ÂóÕñÍþ\Desktop\IntelliJ IDEA 2024.1.1\javafx-sdk-24\lib\javafx.fxml.jar;C:\Users\ÂóÕñÍþ\Desktop\IntelliJ IDEA 2024.1.1\javafx-sdk-24\lib\javafx.graphics.jar;C:\Users\ÂóÕñÍþ\Desktop\IntelliJ IDEA 2024.1.1\javafx-sdk-24\lib\javafx.media.jar;C:\Users\ÂóÕñÍþ\Desktop\IntelliJ IDEA 2024.1.1\javafx-sdk-24\lib\javafx.swing.jar;C:\Users\ÂóÕñÍþ\Desktop\IntelliJ IDEA 2024.1.1\javafx-sdk-24\lib\javafx.web.jar;C:\Users\ÂóÕñÍþ\Desktop\IntelliJ IDEA 2024.1.1\javafx-sdk-24\lib\jdk.jsobject.jar;C:\Users\ÂóÕñÍþ\Desktop\IntelliJ IDEA 2024.1.1\javafx-sdk-24\lib\jfx.incubator.input.jar;C:\Users\ÂóÕñÍþ\Desktop\IntelliJ IDEA 2024.1.1\javafx-sdk-24\lib\jfx.incubator.richtext.jar
Launcher Type: SUN_STANDARD

[Global flags]
     intx CICompilerCount                          = 12                                        {product} {ergonomic}
     uint ConcGCThreads                            = 3                                         {product} {ergonomic}
     uint G1ConcRefinementThreads                  = 13                                        {product} {ergonomic}
   size_t G1HeapRegionSize                         = 2097152                                   {product} {ergonomic}
   size_t InitialHeapSize                          = 257949696                                 {product} {ergonomic}
   size_t MarkStackSize                            = 4194304                                   {product} {ergonomic}
   size_t MarkStackSizeMax                         = 536870912                                 {product} {ergonomic}
   size_t MaxHeapSize                              = 4104126464                                {product} {ergonomic}
   size_t MaxNewSize                               = 2462056448                                {product} {ergonomic}
   size_t MinHeapDeltaBytes                        = 2097152                                   {product} {ergonomic}
   size_t MinHeapSize                              = 8388608                                   {product} {ergonomic}
    uintx NonNMethodCodeHeapSize                   = 7602176                                {pd product} {ergonomic}
    uintx NonProfiledCodeHeapSize                  = 122093568                              {pd product} {ergonomic}
    uintx ProfiledCodeHeapSize                     = 121962496                              {pd product} {ergonomic}
    uintx ReservedCodeCacheSize                    = 251658240                              {pd product} {ergonomic}
     bool SegmentedCodeCache                       = true                                      {product} {ergonomic}
   size_t SoftMaxHeapSize                          = 4104126464                             {manageable} {ergonomic}
     bool UseCompressedOops                        = true                           {product lp64_product} {ergonomic}
     bool UseG1GC                                  = true                                      {product} {ergonomic}
     bool UseLargePagesIndividualAllocation        = false                                  {pd product} {ergonomic}

Logging:
Log output configuration:
 #0: stdout all=warning uptime,level,tags foldmultilines=false
 #1: stderr all=off uptime,level,tags foldmultilines=false

Environment Variables:
JAVA_HOME=D:\java SE Kit(¼Æ×é)
PATH=C:\Program Files\NVIDIA GPU Computing Toolkit\CUDA\v11.8\bin;C:\Program Files\NVIDIA GPU Computing Toolkit\CUDA\v11.8\libnvvp;C:\Windows\system32;C:\Windows;C:\Windows\System32\Wbem;C:\Windows\System32\WindowsPowerShell\v1.0\;C:\Windows\System32\OpenSSH\;C:\Program Files (x86)\NVIDIA Corporation\PhysX\Common;C:\Program Files\dotnet\;C:\Program Files (x86)\Windows Kits\10\Windows Performance Toolkit\;D:\matlab\malab anzhuang\runtime\win64;D:\matlab\malab anzhuang\bin;D:\anaconda;D:\anaconda\Scripts;D:\anaconda\Library\bin;C:\Program Files\NVIDIA Corporation\Nsight Compute 2022.3.0\;D:\riscv\RISC-V±àÒëÆ÷\gcc\bin;C:;Users\ÂóÕñÍþ\Desktop\IntelliJ IDEA 2024.1.1\bin;D:;java SE Kit(¼Æ×é)\bin;C;\Users\ÂóÕñÍþ\Desktop\x86_64-8.1.0-release-posix-seh-rt_v6-rev0\mingw64\bin;;;D:\Git(Èí¹¤ÊµÑé)\Git\cmd;C:\Users\ÂóÕñÍþ\AppData\Local\Microsoft\WindowsApps;;C:\Users\ÂóÕñÍþ\Desktop\IntelliJ IDEA 2024.1.1\bin;;D:\pycharm\PyCharm Community Edition 2024.3.1.1\bin;;C:\Users\ÂóÕñÍþ\.dotnet\tools;D:\visual studio code\Microsoft VS Code\bin
USERNAME=ÂóÕñÍþ
OS=Windows_NT
PROCESSOR_IDENTIFIER=AMD64 Family 25 Model 97 Stepping 2, AuthenticAMD
TMP=C:\Users\ÂóÕñÍþ\AppData\Local\Temp
TEMP=C:\Users\ÂóÕñÍþ\AppData\Local\Temp




Periodic native trim disabled

---------------  S Y S T E M  ---------------

OS:
 Windows 11 , 64 bit Build 22621 (10.0.22621.4391)
OS uptime: 0 days 5:32 hours

CPU: total 16 (initial active 16) (16 cores per cpu, 2 threads per core) family 25 model 97 stepping 2 microcode 0x0, cx8, cmov, fxsr, ht, mmx, 3dnowpref, sse, sse2, sse3, ssse3, sse4a, sse4.1, sse4.2, popcnt, lzcnt, tsc, tscinvbit, avx, avx2, aes, erms, clmul, bmi1, bmi2, adx, avx512f, avx512dq, avx512cd, avx512bw, avx512vl, sha, fma, vzeroupper, avx512_vpopcntdq, avx512_vpclmulqdq, avx512_vaes, avx512_vnni, clflush, clflushopt, avx512_vbmi2, avx512_vbmi, rdtscp, rdpid, fsrm, gfni, avx512_bitalg, f16c, pku, cet_ss, avx512_ifma
Processor Information for the first 16 processors :
  Max Mhz: 3601, Current Mhz: 3601, Mhz Limit: 3601

Memory: 4k page, system-wide physical 15652M (783M free)
TotalPageFile size 25380M (AvailPageFile size 3975M)
current process WorkingSet (physical memory assigned to process): 568M, peak: 634M
current process commit charge ("private bytes"): 676M, peak: 736M

vm_info: OpenJDK 64-Bit Server VM (23.0.1+11-39) for windows-amd64 JRE (23.0.1+11-39), built on 2024-09-30T07:20:43Z with MS VC++ 17.6 (VS2022)

END.
